식물이름	영문이름	카테고리	물	햇빛	장소	흙	온도	생장형	난이도
극락조		공기정화식물	물은 1주에 한 번정도 주세요. 겨울에 2주에 한 번 정도 주세요.	강한 햇빛은 피해주세요.	바람이 잘 드는 곳이 좋아요.		18 - 20도 정도가 좋아요.		
몬스테라		공기정화식물		강한 햇빛은 피해주세요. 한번 걸러진 빛이 좋아요.	실내가 좋아요. 테라스에 두신다면 강한 햇빛을 막아주세요.		16 - 18도 정도가 좋아요.		
벤자민 고무나무		공기정화식물	봄, 가을에는 1주일에 한번 정도가 좋아요. 여름에는 2 - 3일에 한번씩 주세요. 겨울에는 겉흙이 말랐을 때 주세요.	햇빛을 좋아해요.	햇빛이 잘 드는 창가나 테라스가 좋아요.		20도 이상 유지해주세요. 적어도 10도 이상은 유지해주세요.		
떡갈잎 고무나무		공기정화식물	겉흙이 말랐을 때 주세요. 겨울에는 흙 대부분이 마르기 시작했을 때 주어도 좋아요.	강한 햇빛은 피해주세요. 햇빛이 조금 드는 곳이 좋아요.	거실 창가나 햇빛이 강하지 않은 테라스가 좋아요.	봄, 여름에 비료를 주는 것이 좋아요.	16 - 20도 정도가 좋아요. 겨울엔 실내에서 길러주세요.		
스노우사파이어		공기정화식물	겉흙이 말랐을 때 흠뻑 주세요. 건조한 날씨에는 분무기로 한번씩 뿌려주세요.	강한 햇빛은 피해주세요. 조금 그늘진 곳이 좋아요.	바람이 잘 드는 곳이 좋아요.	분갈이는 4월 - 6월이 좋아요. 물에서 기를 때는 뿌리만 잠기도록 해주세요.	20도 이상 유지해주세요. 겨울엔 15도 이상 유지해주세요.		
스킨답서스		수경식물	겉흙이 말랐을 때 주세요. 건조에 강한편이라 게으르게 주어도 좋아요.	강한 햇빛은 피해주세요.	바람이 잘 드는 곳이 좋아요. 여름철엔 실내에서 키워주세요.	포름알데히드, 모래 1, 부엽 1, 토탄 1 의 비율이 좋아요.  분갈이는 1년에 한번 정도가 적당해요. 수경 재배를 한다면 7 - 10일에 한번 물을 갈아주세요.	21 - 25도 정도가 좋아요. 겨울엔 13도 이상 유지해주세요.		
천리향		관엽식물	겉흙이 말랐을 때 조금만 주세요.  잎이 처질때 주어도 좋아요.	강한 힛빛은 피해주세요. 햇빛이 조금 드는 곳이 좋아요.	바람이 잘 드는 곳이 좋아요.	물이 잘 빠지는 흙이 좋아요. 화분은 건조한 것이 좋아요.	15 - 25도 정도가 좋아요. 추위에 강하기 때문에 겨울철 베란다에 두어도 좋아요.		
마리모		수경식물	수중식물이기 때문에 물을 주지 않아도 좋아요.	강한 햇빛은 피해주세요.	실내에서 키워도 좋지만, 가끔씩 바깥 공기를 쐬어주세요.	일주일에 한 번씩 물을 갈아주세요.	15 - 20도 정도가 좋아요. 차갑고 깨끗한 물을 좋아해요.		
이오난사		행잉식물	분무기로 일주일에 2번 정도 주는 것이 좋아요.  건조해서 말라가는 경우 물에 담갔다가 빼주세요. 과습에 약하기 때문에 잘 말려주세요.	여름철에는 강한 빛을 피해주세요. 	실내에서 키워도 좋지만, 가끔씩 바깥 공기를 쐬어주세요.		21 ~ 25도 정도가 좋아요. 겨울엔 10도 이상 유지해주세요.		
수염 틸란드시아		공기정화식물	분무기로 일주일에 2번 정도 주는 것이 좋아요. 습도는 70% 정도가 좋아요. 습도에 따라 1 - 2주에 한번씩 흐르는 물에 1시간정도 담가주세요. 물에 담근 후에는 바람이 잘 드는 곳에서 충분히 말려주세요.	실내에서도 잘 자라지만 햇빛을 좋아해요. 실내에서 키운다면 종종 햇빛을 쐬어주세요.	바람이 잘 드는 곳이 좋아요.		21 ~ 25도 정도가 좋아요. 겨울엔 10도 이상 유지해주세요.		
디시디아		착생식물	일주일에 한번 정도 물에 10분간 담가주세요. 담근 후에는 물을 충분히 빼주세요.	강한 햇빛은 피해주세요. 햇빛이 조금 드는 곳이 좋아요.	바람이 잘 드는 곳이 좋아요.		20 - 28도 정도가 좋아요.	 	
바질 트리		허브식물	잎이 마르거나 겉흙이 마르면 충분히 주세요. 빛이 강한 곳에서는 1 - 2일, 반음지에서는 2 - 3일에 한 번 정도 주는 것이 좋아요.	햇빛이 잘 드는 곳이 좋아요.	바람이 잘 드는 곳이 좋아요.	물과 친한 흙이 좋아요.	15 - 25도 정도가 좋아요. 추운 날씨를 싫어해요.		
녹보수		공기정화식물	잎이 늘어지거나 겉흙이 말랐을때 흠뻑 주세요. 보통 10일에 한번, 겨울철엔 20일에 한번이 적당해요.	강한 햇빛은 피해주세요. 햇빛이 조금 드는 곳이 좋아요.	바람이 잘 드는 곳이 좋아요.	입자가 곱고 물이 잘빠지는 흙이 좋아요. 깨끗하게 살균된 분갈이용 흙이 좋아요.  원예용 상토를 많이 사용해요.	15 - 30도 정도가 좋아요.		
캄파눌라		공기정화식물	겉흙이 말랐을 때 주세요. 여름철엔 어느 정도 물이 마르지 않게 하는것이 좋아요. 고온다습에도 약하지만 심한 건조에도 약해요.	여름철엔 강한 햇빛을 피해주세요. 	서늘한 곳이 좋아요. 추위를 겪어야 꽃눈이 만들어지기 때문에 겨울엔 배란다에 두어도 좋아요.	물이 잘 빠지고 기름진 흙이 좋아요.	15 - 21도 정도가 좋아요. 서늘한 날씨를 좋아해요.		
개양귀비			겉흙이 말랐을 때 충분히 주세요,	햇빛을 좋아해요.		물이 잘 빠지고 비옥한 사질 토양이 좋아요.	15 - 20도 정도가 좋아요. 추위를 잘 견뎌요.		
수국		공기정화식물	겉흙이 말랐을 때 주세요. 물을 좋아하지만 과습에는 약해요. 날씨가 덥거나 통풍이 잘 되는 날에는 자주 확인해주세요. 보통 하루에 한 번, 여름에는 상태에 따라 하루에 두 번 정도 주어요.	햇빛이 조금 드는 곳이 좋아요. 강한 햇빛은 피해주세요.		물과 친하고 물이 잘 빠지는 흙이 좋아요.	18 - 25도 정도가 좋아요. 18도 아래에서 꽃눈이가 생겨요.  서늘한 날씨를 좋아하지만 추위에는 약해요.  겨울을 겪어야 꽃을 볼 수 있어요.		난이도가 높아요. 물 주기에 신경써야 하기 때문에 조금 손이 가는 편이에요.
헬리오트로프		공기정화식물	겉흙이 말랐을 때 충분히 주세요.  물을 많이 먹는 편이에요. 과습은 좋지 않아요.	햇빛이 잘 드는 곳을 좋아해요.	겨울철에는 실내에서 키우는 것이 좋아요.	물이 잘빠지고 비옥한 흙이 좋아요.	15도 이상 유지해주세요.		손이 많이 가요.  추위에도 더위에도 약해요.  물이 마르면 금방 시들해져요.
비비추(무늬 비비추)		공기정화식물	겉흙이 말랐을 때 충분히 주세요.  물을 좋아하지만, 겨울 휴면기엔 주지 않는 것이 좋아요.  과습은 피하는 것이 좋아요.	강한 햇빛은 피해주세요.		비옥한 사질 토양이 좋아요	16 - 30도 정도가 좋아요. 야외에서 겨울을 나는 것도 가능해요. 흙 윗부분은 죽지만 봄에 새싹을 내요.		키우기 쉬워요.
오렌지 자스민		공기정화식물	겉흙이 말랐을 때 충분히 주세요. 잎에 뿌려주어도 좋아요.	빛을 좋아해요.  하지만 강한 햇빛은 피해주세요.		물이 잘 빠지고 비옥한 흙이 좋아요.	25 - 30도 정도가 좋아요. 겨울엔 15도 이상 유지해주세요. 추위에 약하기 때문에 겨울에는 실내에서 키워주세요.		키우기 쉬워요.
히비스커스 로젤		공기정화식물	흙 속까지 마르면 충분히 주세요.	빛을 좋아해요.  햇빛이 조금 드는 곳이 좋아요.		물이 잘빠지고 비옥한 흙이 좋아요.	22 - 30도 정도가 좋아요. 더위를 잘 견뎌요. 겨울에는 실내에서 길러주세요.		
덴마크 무궁화		공기정화식물	겉흙이 말랐을 때 충분히 주세요.	강한 빛은 피해주세요. 햇빛이 조금 드는 곳이 좋아요.	바람이 잘 드는 곳이 좋아요.	물이 잘빠지고 비옥한 흙이 좋아요.	20 - 25도 정도가 좋아요. 추위에 약해요. 겨울엔 15도 이상 유지해주세요. 겨울철에 적당한 빛을 주면 꽃이 피어요.		키우기 쉬워요.
청산호 (티루칼리, 산호금)		다육식물	건조하게 관리하는 것이 좋아요. 줄기에 습기가 없거나 힘이 없어 보일 때 물을 주는 것이 좋아요. 보통 한달에 한번 정도 물을 주는 것이 좋아요.	햇빛을 좋아해요. 햇빛이 조금 드는 곳에서도 잘 견뎌요.		물이 잘 빠지는, 다육 식물 전용 흙이 좋아요.	25 - 37도 정도가 좋아요.		키우기 쉬워요.
자스민		공기정화식물	겉흙이 말랐을 때 충분히 주세요. 꽃이 피는 동안은 건조하지 않게 해주세요.  겨울에는 건조하게 관리해주세요.	빛을 좋아하지만 강한 빛은 싫어해요.		물과 친하고 물이 잘 빠지는 흙이 좋아요.	12 - 25도 정도가 좋아요. 겨울엔 2도 이상 유지해주세요. 서늘한 곳을 좋아하지만 추위에는 약해요.		키우기 쉬워요.
마오리 소포라		공기정화식물	겉흙이 말랐을 때 충분히 주세요.  잎에 물을 뿌려주는 것이 좋아요. 건조에도 약하고 과습에도 주의해야해요.	강한 빛은 싫어해요.  햇빛이 조금 드는 곳을 좋아해요.		물이 잘빠지는 흙이 좋아요.	10 - 25도 정도가 좋아요. 겨울엔 -10도 이상 유지해주세요. 시원한 날씨를 좋아하고 추위를 잘 견뎌요.		물주기가 까다로운 편이에요.
카네이션		공기정화식물	겉흙이 말랐을 때 충분히 주세요.	햇빛을 좋아하지만 한여름 강한 빛은 피하는 것이 좋아요.		물이 잘빠지는 사질 흙이 좋아요.	15 - 20도 정도가 좋아요. 시원한 날씨를 좋아해요.		키우기 쉬운 편이에요.
라넌큘러스			겉흙이 말랐을 때 충분히 주세요.  알뿌리는 과습에 약해요.	강한 빛은 싫어해요. 햇빛이 조금 드는 곳이 좋아요.		물이 잘빠지고 비옥한 흙이 좋아요.	15 - 20도 정도가 좋아요. 겨울엔 5도 이상 유지해주세요.		알뿌리 관리가 어렵다고 느낄 수 있어요.
단정화			겉흙이 말랐을 때 충분히 주세요. 물을 좋아해요.	햇빛을 좋아하지만 한여름엔 강한 빛을 피하는 것이 좋아요.  빛을 충분이 주어야 꽃이 피어요.		물이 잘빠지는 흙이 좋아요.	20 - 25도 정도가 좋아요. 겨울엔 5도 이상 유지해주세요. 더위에 약해요.		키우기 쉬운 편이에요.
바질 트리				온도: 15~25°C. 더위에는 잘 견디지만 추위에는 매우 약하다. 다년생으로 키우려면 가을 부터는 실내로 옮기는게 좋겠지만 빛이 부족할 수 있어 다년생으로 키우기는 좀 어렵다.		개요: 바질 트리는 접목(야생바질 + 그리스 바질)해서 인위적으로 만든 바질로 수형이 예쁘고 향기를 즐길 수도, 식용할 수도 있어 봄이면 매우 인기 있는 식물이다. 자주 수확해서 이용하거나 가지치기 해주면 더 풍성해 진다. 그대로 내버려 두면 윗부분이 무거워져 기울어질 수 있다. 다년생이지만 추위에 약해 그냥 1년생으로 키울 수도 있다. 작고 흰 꽃도 풍성하게 피운다. 당연하지만 채종해서 다시 심어도 바질 트리 모양이 되지는 않고 키작은 그리스 바질이 된다. 향은 전형적인 바질 향이 난다. 민트+정향+단맛+매운맛.			
안개꽃			겉흙이 말랐을 때 충분히 주세요. 물을 좋아해요.	햇빛을 좋아해요.	바람이 잘 드는 곳이 좋아요.	물이 잘빠지는 흙이 좋아요.	20 - 25도 정도가 좋아요. 겨울엔 5도 이상 유지해주세요.		키우기 쉬운 편이에요.
동백		공기정화식물	겉흙이 말랐을 때 충분히 주세요. 물을 좋아해요.	햇빛을 좋아하는 편이지만 한여름 강한 빛은 피하는 것이 좋아요.		물이 잘빠지는 흙이 좋아요.	25도 정도가 적당해요.  5도 정도의 낮은 온도을 지내야 꽃을 피울 수 있어요.  추위에는 약해요.		키우기 쉬운 편이에요.
크로톤		공기정화식물	겉흙이 말랐을 때 충분히 주세요. 물을 좋아하고 수경재배도 가능해요. 건조한 날씨도 어느정도는 견뎌요.	햇빛을 좋아하지만 강한 빛은 싫어해요. 햇빛을 충분히 받아야 잎 색이 살아요.		일반적인 배양토가 좋아요.	25도 정도가 적당해요.  겨울엔 15도 이상 유지해주세요.		키우기 쉬운 편이지만 온도와 습도를 신경써줘야해요.
마가렛		다육식물	겉흙이 말랐을 때 충분히 주세요. 꽃이 피면 물이 마르지 않도록 살펴봐주세요.	햇빛이 조금 드는 곳이 좋아요.		물이 잘빠지는 사질 흙이 좋아요.	15 - 23도 정도가 좋아요. 겨울엔 0도 이상 유지해주세요. 무더위에 약해요. 추위에도 약하지만 베란다 정도면 괜찮아요.		키우기 쉬운 편이에요.
용설란 (아가베)			물을 많이 주지 않는 것이 좋아요.  특히 겨울에는 주의해야 해요. 보통은 한달에 한번 정도 주는 것이 좋아요.	햇빛이 조금 드는 곳이 좋아요.	바람이 잘 드는 곳이 좋아요.	물이 잘빠지는 흙이 좋아요.	22 - 28도 정도가 좋아요. 겨울엔 8도 이상 유지해주세요.		키우기 쉬운 편이지만 과습을 주의해주세요.
아글라오네마		공기정화식물	흙이 충분히 말랐을 때 주는 것이 좋아요. 잎은 습한 환경을 좋아하지만 뿌리는 그렇지 않아요. 잎에 분무를 자주 해주는 것도 좋아요.	햇빛이 조금 드는 곳이 좋아요.	거실 창가가 좋아요. 햇빛이 조금 드는 곳에서도 잘 자라는 편이에요.	일반적인 배양토가 좋아요.  > 배양토(식물을 기르는 데 쓰기 위하여 인위적으로 거름을 섞어 걸게 만든 흙)	16 - 21도 정도가 좋아요. 겨울엔 13도 이상 유지해주세요.		
디펜바키아		공기정화식물	겉흙이 말랐을 때 충분히 주세요. 습기를 좋아해서 분무를 자주 해주는 것도 좋아요.	햇빛이 조금 드는 곳이 좋아요. 빛이 부족하면 무늬가 흐려져요.		모래를 섞은 일반적 배양토가 좋아요.  물에서 기르는 것(수경재배)도 가능해요.  > 배양토(식물을 기르는 데 쓰기 위하여 인위적으로 거름을 섞어 걸게 만든 흙)	16 - 27도 정도가 좋아요. 겨울엔 13도 이상 유지해주세요.		키우기 쉬운 편이에요.
필로덴드론 셀륨(혹은 셀렘, 셀로움)		공기정화식물	겉흙이 말랐을 때 충분히 주세요. 겨울을 제외하고는 촉촉하게 유지해주세요. 분무를 자주 해주는 것도 좋지만 건조에도 잘 견디는 편이에요.	햇빛이 조금 드는 곳이 좋아요. 너무 어두운 곳에서는 생각보다 많이 자라기 때문에 힘이 빠져서 잎이 처질 수 있어요.		일반적 배양토가 좋아요.  물에서 기르는 것(수경재배)도 가능해요.  > 배양토(식물을 기르는 데 쓰기 위하여 인위적으로 거름을 섞어 걸게 만든 흙)	16 - 21도 정도가 좋아요. 겨울엔 13도 이상 유지해주세요. 추위에 약해요.		키우기 쉬운 편이에요.
꽃베고니아		공기정화식물	겉흙이 말랐을 때 충분히 주세요. 과한 습도에는 약하니 주의해주세요.	햇빛을 좋아해요. 햇빛을 많이 받으면 잎과 꽃의 색이 진해져요.		물이 잘빠지는 흙이 좋아요.	10 - 20도 정도가 좋아요. 더위와 추위에 모두 약해요.		키우기 쉬운 편이에요.
장미			겉흙이 말랐을 때 충분히 주세요.  저면관수(아래쪽에서부터 물을 주는 방법)으로 하면 더 좋아요.	많은 햇빛이 필요해요. 햇빛을 충분히 받지 않으면 꽃이 피지 않아요.		영양이 풍부한 흙이 좋아요.	24 - 27도 정도가 좋아요. 겨울엔 5도 이상 유지해주세요.		어려운 편이에요. 빛을 잘 쐬어주어야 하고 해충 관리에 신경써야해요.
사랑초		관엽식물	겉흙이 말랐을 때 충분히 주세요. 건조에 어느정도 잘 견뎌요.	적당한 햇빛을 좋아해요. 강한 햇빛은 피해주세요.		물이 잘빠지는 흙이 좋아요.	18 - 22도 정도가 좋아요. 겨울엔 10도 이상 유지해주세요.		키우기 쉬운 편이에요.
알로카시아		공기정화식물	흙 속까지 마르면 충분히 주세요.  잎에 분무해주는 것도 좋지만, 줄기에 물을 저장하므로 과습하지 않는 것이 좋아요.  (덩이 모양의) 줄기를 눌러보아 습하지 않은지 확인해주는 것이 좋아요.	적당한 햇빛을 좋아해요. 적당한 빛이나 그늘을 좋아해요.			18 - 25도 정도가 좋아요. 최소 15도 이상 유지해주세요. 추위에 약해요.		키우기 쉬운 편이지만 과습에 주의해야해요.
호야		공기정화식물	흙 속까지 마르면 물을 주세요.   겨울에는 물을 더 적게 주는 것이 좋아요. 건조에 강하기 때문에 키우기가 쉬워요.	햇빛이 조금 드는 곳이 좋아요.		물이 잘빠지는 흙이 좋아요.  배양토에 마사(굵은 모래)나 펄라이트를 추가로 섞어주면 좋아요.  > 배양토(식물을 기르는 데 쓰기 위하여 인위적으로 거름을 섞어 걸게 만든 흙)	18 - 22도 정도가 좋아요. 겨울엔 5도 이상 유지해주세요.		키우기 쉬운 편이에요.
애니시다(양골담초)		공기정화식물	겉흙이 말랐을 때 충분히 주세요.   건조에도 잘 견디는 편이에요.  햇빛과 통풍이 좋거나 꽃이 많이 피면 매일 물을 줘야할 수도 있어요.	햇빛을 좋아해요. 햇빛이 조금 들어도 괜찮지만 빛이 많을수록 좋아요.		물이 잘빠지는 흙이 좋아요.	12 - 20도 정도가 좋아요. 겨울엔 5도 이상 유지해주세요.		키우기 쉬운 편이에요.
아프리칸 바이올렛			흙 속까지 마르면 충분히 주세요. 과습에 약하고 건조에 강해요. 잎에 솜털이 많기 때문에 물이 닿지 않는 것이 좋아요.	햇빛을 좋아하지만 여름철 강한 빛은 피해주세요. 		물이 잘빠지는 흙이 좋아요.	16 - 20도 정도가 좋아요. 겨울엔 13도 이상 유지해주세요. 추위에 약해요.		키우기 쉬운 편이에요.
국화			겉흙이 말랐을 때 충분히 주세요.  꽃이 피거 시기나 성장기에는 물을 많이 주는 것이 좋아요.	햇빛을 좋아해요. 햇빛이 조금 드는 곳도 좋아요.		물이 잘빠지는 흙이 좋아요.	16 - 18도 정도가 좋아요. 겨울엔 5도 이상 유지해주세요. 겨울에 시들지만 뿌리는 살아 있기 때문에 겨울을 날 수 있어요.  실내에서 키우더라도 추위를 겪는 것이 좋아요.		키우기 쉬운 편이에요.
꽃기린			흙 속까지 마르면 충분히 주세요.  건조에 강한 편이에요.	햇빛을 좋아하지만 강한 빛은 피해주세요.		물이 잘빠지는 흙이 좋아요.	18 - 25도 정도가 좋아요. 겨울엔 7도 이상 유지해주세요.		키우기 쉬운 편이에요.
피토니아(휘토니아)			겉흙이 말랐을 때 충분히 주세요. 자주 물을 뿌려주는 것이 좋아요. 겨울에는 조금 적게 주세요.	적당한 그늘을 좋아해요. 강한 빛은 피해주세요.		물이 잘빠지는 흙이 좋아요.	21 - 25도 정도가 좋아요. 겨울엔 13도 이상 유지해주세요. 추위에 약해요.		키우기 쉬운 편이에요.
란타나			겉흙이 말랐을 때 충분히 주세요. 건조하면 잎이 쳐지고 꽃이 떨어질 수 있으니 조심해야해요.	햇빛이 많은 곳이 좋아요.		물이 잘빠지는 흙이 좋아요.	16 - 30도 정도가 좋아요. 겨울엔 10도 이상 유지해주세요. 추위에 약해요.		키우기 쉬운 편이지만 빛을 신경써줘야해요.
금목서	Osmanthus fragrans	잎&꽃보기식물	겉흙이 말랐을 때 충분히 주세요.	햇빛을 좋아해요.	빛이 잘 드는 곳이 좋아요.  무더운 여름에는 실내 창가쪽에서 기르는 것이 좋아요.	산성, 중성 / 양질토, 모래	16 - 20도 정도가 적당해요. 겨울엔 최소 0도 이상 유지해주세요.		키우기 쉬운 편이에요.
금사철나무	Euonymus japonica	잎보기식물	겉흙이 말랐을 때 충분히 주세요. 겨울에는 흙 속까지 말랐을 때 충분히 주세요.	햇빛을 좋아해요.			16 - 20도 정도가 적당해요. 겨울엔 최소 0도 이상 유지해주세요.		어느정도 키우기 쉬운 편이에요.
금식나무	Aucuba japonica  var. variegata	잎보기식물	겉흙이 말랐을 때 충분히 주세요. 겨울에는 흙 속까지 말랐을 때 충분히 주세요.	햇빛을 좋아해요.	햇빛이 잘 드는 창가나 배란다가 좋아요.	물이 잘빠지는 중성,산성의 흙이 좋아요.	16 - 20도 정도가 적당해요. 겨울엔 최소 0도 이상 유지해주세요.		키우기 쉬운 편이에요.
금전수	Zamioculcas zamiifolia	공기정화식물	겉흙이 말랐을 때 충분히 주세요. 겨울에는 흙 속까지 말랐을 때 충분히 주세요.	햇빛을 좋아해요.	어디든 좋아요.	물이 잘빠지는 중성,산성의 흙이 좋아요.	16 - 20도 정도가 적당해요. 겨울엔 최소 13도 이상 유지해주세요.		키우기 쉬운 편이에요.
금천죽	Dracaena sanderiana	공기정화식물	겉흙이 말랐을 때 충분히 주세요. 겨울에는 흙 속까지 말랐을 때 충분히 주세요.	어느 환경에서도 잘 적응해요.	햇빛이 잘 드는 창가나 배란다가 좋아요.	물이 잘빠지는 중성의 흙이 좋아요.	16 - 20도 정도가 적당해요. 겨울엔 최소 13도 이상 유지해주세요.		키우기 쉬운 편이에요.  중심쪽 잎과 잎 포기 사이 물통에 물이 고이도록 하는 것이 좋아요.
기누라	Gynura aurantiaca	공기정화식물	겉흙이 말랐을 때 충분히 주세요. 겨울에는 흙 속까지 말랐을 때 충분히 주세요.	햇빛을 좋아해요.	햇빛이 잘 드는 창가나 배란다가 좋아요.	물이 잘빠지는 중성의 흙이 좋아요.	16 - 20도 정도가 적당해요. 겨울엔 최소 13도 이상 유지해주세요.		어려운 편이에요.
나도풍란	Aerides japonica	잎&꽃보기식물	흙 속까지 말랐을 때 충분히 주세요.	햇빛이 조금 드는 곳이 좋아요. 강한 빛은 피해주세요.	테라스 같은 장소가 좋아요.		21 - 25도 정도가 적당해요.  겨울엔 최소 7도 이상 유지해주세요.		어려운 편이에요. 
나한송	Podocarpus macrophyllus	공기정화식물	흙을 촉촉하게 유지하는 것이 좋아요. 흙이 잠기지 않도록 주의해주세요. 겨울에는 겉흙이 말랐을 때 충분히 주세요.	햇빛을 좋아하지만 더위는 싫어해요.	어디든 좋지만 더위를 싫어해요. 실내에서도 잘 자라요.	물이 잘빠지는 흙이 좋아요.	10 - 15도 정도가 적당해요.  겨울엔 최소 5도 이상 유지해주세요.		키우기 쉬운 편이지만 잘 자라지 않아요.
남천	Nandina domestica	공기정화식물	겉흙이 말랐을 때 충분히 주세요. 겨울에는 흙 속까지 말랐을 때 충분히 주세요. 지나친 습도와 건조함은 좋지 않아요.	햇빛을 좋아해요.	햇빛이 잘 드는 창가나 배란다가 좋아요.	물이 잘빠지는 중성,산성의 흙이 좋아요.	16 - 20도 정도가 적당해요. 겨울엔 최소 5도 이상 유지해주세요.		키우기 쉬운 편이에요.
팬더 고무나무	Ficus panda	잎보기식물	흙을 촉촉하게 유지하는 것이 좋아요. 흙이 잠기지 않도록 주의해주세요. 겨울에는 겉흙이 말랐을 때 충분히 주세요.	햇빛을 좋아해요.	햇빛이 잘 드는 창가나 배란다가 좋아요.		21 - 25도 정도가 적당해요. 겨울엔 최소 13도 이상 유지해주세요.		어려운 편이에요. 
팻츠헤데라	Fatshedera lizei	잎보기식물	겉흙이 말랐을 때 충분히 주세요.	햇빛을 좋아해요.	햇빛이 잘 드는 창가나 배란다가 좋아요.		16 - 20도 정도가 적당해요. 겨울엔 최소 10도 이상 유지해주세요.		키우기 쉬운 편이에요.
페페로미아 오브투시폴리아	Peperomia obtusifolia	잎보기식물	겉흙이 말랐을 때 충분히 주세요. 겨울에는 흙 속까지 말랐을 때 충분히 주세요. 지나친 습도와 건조함은 좋지 않아요.	햇빛을 좋아해요.	거실 창가처럼 햇빛이 적당히 드는 곳이 좋아요.		21 - 25도 정도가 적당해요. 겨울엔 최소 13도 이상 유지해주세요.		어려운 편이에요. 
페페로미아 클루시폴리아	Peperomia clusiifolia	잎보기식물	겉흙이 말랐을 때 충분히 주세요. 겨울에는 흙 속까지 말랐을 때 충분히 주세요.	햇빛을 좋아해요.	거실 창가처럼 햇빛이 적당히 드는 곳이 좋아요.		21 - 25도 정도가 적당해요. 겨울엔 최소 13도 이상 유지해주세요.		어려운 편이에요. 
페페로미아 푸테올라타	Peperomia puteolata	잎보기식물	겉흙이 말랐을 때 충분히 주세요. 겨울에는 흙 속까지 말랐을 때 충분히 주세요.	햇빛을 좋아해요.	햇빛이 잘 드는 창가나 배란다가 좋아요.		21 - 25도 정도가 적당해요. 겨울엔 최소 13도 이상 유지해주세요.		어려운 편이에요. 
포인세티아	Euphorbia pulcherrima	공기정화식물	흙을 촉촉하게 유지하는 것이 좋아요. 흙이 잠기지 않도록 주의해주세요. 겨울에는 겉흙이 말랐을 때 충분히 주세요.	햇빛을 충분히 받는 것이 좋아요.	햇빛이 잘 드는 창가나 배란다가 좋아요.		21 - 25도 정도가 적당해요. 겨울엔 최소 13도 이상 유지해주세요.		어려운 편이에요. 
폴리시아스	Polyscias balfouriana 'Marginata'	공기정화식물	겉흙이 말랐을 때 충분히 주세요. 겨울에는 흙 속까지 말랐을 때 충분히 주세요.	햇빛을 좋아해요.	거실 창가처럼 햇빛이 적당히 드는 곳이 좋아요.		21 - 25도 정도가 적당해요. 겨울엔 최소 13도 이상 유지해주세요.		어려운 편이에요. 
푸밀라고무나무	Ficus pumila	잎보기식물	흙을 촉촉하게 유지하는 것이 좋아요. 흙이 잠기지 않도록 주의해주세요. 겨울에는 겉흙이 말랐을 때 충분히 주세요.	햇빛을 좋아해요.	햇빛이 잘 드는 창가나 배란다가 좋아요.		21 - 25도 정도가 적당해요. 겨울엔 최소 10도 이상 유지해주세요.		어려운 편이에요. 
프테리스	Pteris cretica	공기정화식물	흙을 촉촉하게 유지하는 것이 좋아요. 흙이 잠기지 않도록 주의해주세요. 겨울에는 겉흙이 말랐을 때 충분히 주세요.	햇빛이 조금 드는 곳이 좋아요.	어디든 좋아요.		21 - 25도 정도가 적당해요. 겨울엔 최소 5도 이상 유지해주세요.		키우기 쉬운 편이에요. 배양토가 완전히 마르지 않도록 주의하면 아름다운 색상과 모습을 관상할 수 있습니다.  > 배양토(식물을 기르는 데 쓰기 위하여 인위적으로 거름을 섞어 걸게 만든 흙)
피라칸사	Pyracantha coccinea	잎&꽃보기식물	흙을 촉촉하게 유지하는 것이 좋아요. 흙이 잠기지 않도록 주의해주세요. 겨울에는 겉흙이 말랐을 때 충분히 주세요.	햇빛을 충분히 받는 것이 좋아요.	햇빛이 잘 드는 배란다가 좋아요.		16 - 20도 정도가 적당해요. 겨울엔 최소 0도 이상 유지해주세요.		어려운 편이에요. 
무늬접란	Chlorophytum comosum var. variegatum	공기정화식물	겉흙이 말랐을 때 충분히 주세요. 겨울에는 흙 속까지 말랐을 때 충분히 주세요.	햇빛을 좋아해요.	햇빛이 잘 드는 창가나 배란다가 좋아요.	물이 잘빠지는 중성의 흙이 좋아요. (앙질토, 모레)	21 - 25도 정도가 적당해요. 겨울엔 최소 13도 이상 유지해주세요.		키우기 쉬운 편이에요.
무늬털머위	Farfugium japonicum 'Argenteum'	잎&꽃보기식물	겉흙이 말랐을 때 충분히 주세요.	햇빛을 좋아해요.	햇빛이 잘 드는 창가나 배란다가 좋아요.	양질토, 모래	16 - 20도 정도가 적당해요. 겨울엔 최소 5도 이상 유지해주세요.		키우기 쉬운 편이에요.
무늬팻츠헤데라	Fatshedera lizei 'Variegata'	공기정화식물	겉흙이 말랐을 때 충분히 주세요. 겨울에는 흙 속까지 말랐을 때 충분히 주세요.	햇빛을 좋아해요.	햇빛이 잘 드는 창가나 배란다가 좋아요.	물이 잘빠지는 흙이 좋아요.	16 - 20도 정도가 적당해요. 겨울엔 최소 5도 이상 유지해주세요. 추위에 약한 편이에요.		어려운 편이에요. 
무늬푸밀라고무나무	Ficus pumila 'Variegata'	잎보기식물	겉흙이 말랐을 때 충분히 주세요. 겨울에는 흙 속까지 말랐을 때 충분히 주세요.	햇빛이 조금 드는 곳이 좋아요.	어디든 좋아요.		21 - 25도 정도가 적당해요. 겨울엔 최소 7도 이상 유지해주세요.		키우기 쉬운 편이에요.
뮤렌베키아	Muehlenbeckia complexa	공기정화식물		햇빛이 조금 드는 곳이 좋아요.	실내 밝은 장소가 좋아요.		16 - 20도 정도가 적당해요. 겨울엔 최소 10도 이상 유지해주세요.		키우기 쉬운 편이에요.
바위취	Saxifraga stolonifera	잎&꽃보기식물	겉흙이 말랐을 때 충분히 주세요. 겨울에는 흙 속까지 말랐을 때 충분히 주세요.	햇빛을 좋아해요.	햇빛이 잘 드는 창가나 배란다가 좋아요.		16 - 20도 정도가 적당해요. 겨울엔 최소 0도 이상 유지해주세요.		키우기 쉬운 편이에요.
박쥐란	Platycerium  bifurcatum	공기정화식물	흙을 촉촉하게 유지하는 것이 좋아요. 흙이 잠기지 않도록 주의해주세요. 겨울에는 겉흙이 말랐을 때 충분히 주세요.	햇빛을 좋아해요.	햇빛이 잘 드는 창가나 배란다가 좋아요.		16 - 20도 정도가 적당해요. 겨울엔 최소 13도 이상 유지해주세요.		어려운 편이에요. 
반딧불털머위	Farfugium japonicum	잎&꽃보기식물	겉흙이 말랐을 때 충분히 주세요.	햇빛을 좋아해요.	햇빛이 잘 드는 창가나 배란다가 좋아요.		16 - 20도 정도가 적당해요. 겨울엔 최소 5도 이상 유지해주세요.		어려운 편이에요. 
백량금	Ardisia crenata	공기정화식물	겉흙이 말랐을 때 충분히 주세요.	햇빛이 조금 드는 곳이 좋아요.	어디든 좋아요.		16 - 20도 정도가 적당해요. 겨울엔 최소 5도 이상 유지해주세요.		키우기 쉬운 편이에요.
백정화	Serissa foetida	공기정화식물	겉흙이 말랐을 때 충분히 주세요. 겨울에는 흙 속까지 말랐을 때 충분히 주세요.	햇빛을 좋아해요.	햇빛이 잘 드는 배란다가 좋아요.		16 - 20도 정도가 적당해요. 겨울엔 최소 5도 이상 유지해주세요.		어려운 편이에요. 
목베고니아	Begonia lucerna	공기정화식물	흙을 촉촉하게 유지하는 것이 좋아요. 흙이 잠기지 않도록 주의해주세요. 겨울에는 겉흙이 말랐을 때 충분히 주세요. 건조한 공기는 해충이 생기게 하므로 주의해야해요.	햇빛을 충분히 받는 것이 좋아요.	햇빛이 잘 드는 창가나 배란다가 좋아요.	중성의 흙이 좋아요. (식양토, 모레) 흙을 너무 단단하게 포장하지 않도록 주의해야애요.	16 - 20도 정도가 적당해요. 겨울엔 최소 13도 이상 유지해주세요. 		키우기 쉬운 편이에요.
무늬관음죽	Rhapis excelsa 'Variegata'	공기정화식물	겉흙이 말랐을 때 충분히 주세요. 겨울에는 흙 속까지 말랐을 때 충분히 주세요.	햇빛을 좋아해요.	거실 창가처럼 햇빛이 적당히 드는 곳이 좋아요.	산성, 중성의 건조한 흙이 좋아요. (양질토, 모래)	16 - 20도 정도가 적당해요. 겨울엔 최소 10도 이상 유지해주세요.		키우기 쉬운 편이에요.
무늬마삭줄	Trachelospermum asiaticum var.variegatum	공기정화식물	흙을 촉촉하게 유지하는 것이 좋아요. 흙이 잠기지 않도록 주의해주세요. 겨울에는 겉흙이 말랐을 때 충분히 주세요. 적당히 건조한 상태 유지하는 것이 좋아요.  빗물은 토양을 산성을 산성화시킬 수 있으므로 주의해야해요. 온수 사용하는 것이 좋아요.	햇빛을 좋아해요.	햇빛이 잘 드는 창가나 배란다가 좋아요.	건조한 흙이 좋아요. (점토, 양질토, 모래)	16 - 20도 정도가 적당해요. 겨울엔 최소 5도 이상 유지해주세요. 추위에 약해요.		키우기 쉬운 편이에요. 
무늬벤자민고무나무	Ficus benjamina 'Variegata'	공기정화식물	겉흙이 말랐을 때 충분히 주세요. 겨울에는 흙 속까지 말랐을 때 충분히 주세요.	햇빛을 좋아해요.	햇빛이 잘 드는 창가나 배란다가 좋아요.	건조하고 물이 잘빠지는 흙이 좋아요. (양질토, 모래)	21 - 25도 정도가 적당해요. 겨울엔 최소 13도 이상 유지해주세요.		키우기 쉬운 편이에요.
무늬산호수	Ardisia pusilla 'Variegata'	잎보기식물	겉흙이 말랐을 때 충분히 주세요. 겨울에는 흙 속까지 말랐을 때 충분히 주세요.	햇빛을 좋아해요.	햇빛이 잘 드는 창가나 배란다가 좋아요.	건조하고 물이 잘빠지는 산성의 흙이 좋아요. (양질토)	21 - 25도 정도가 적당해요. 겨울엔 최소 0도 이상 유지해주세요.		키우기 쉬운 편이에요.
무늬석창포	Acorus gramineus var. variegatus	잎보기식물	흙을 촉촉하게 유지하는 것이 좋아요. 흙이 잠기지 않도록 주의해주세요. 겨울에는 흙 속까지 말랐을 때 충분히 주세요.	햇빛을 좋아해요.	햇빛이 잘 드는 창가나 배란다가 좋아요.	산성, 중성의 흙이 좋아요. (점토, 양질토, 모래) 습한 토양에서도 잘 자라요.	21 - 25도 정도가 적당해요. 겨울엔 최소 0도 이상 유지해주세요.		키우기 쉬운 편이에요.
무늬쉐플레라'홍콩'	Schefflera arboricola 'Hong Kong Variegata'	잎보기식물	겉흙이 말랐을 때 충분히 주세요. 겨울에는 흙 속까지 말랐을 때 충분히 주세요.	햇빛을 좋아해요.	햇빛이 잘 드는 창가나 배란다가 좋아요.	(양질토, 모래)	21 - 25도 정도가 적당해요. 겨울엔 최소 13도 이상 유지해주세요.		키우기 쉬운 편이에요. 특별관리: - 건조한 환경에서 잘 견디며, 밝은 그늘과 반 그늘에서도 무난하게 자란다. - 늦은 봄부터 햇빛을 잘 받도록 하며, 한여름의 강한 직사광에는 차광을 하거나 밝은 그늘에서 관리한다. - 햇빛과 통풍이 중요하다. - 과습에 주의(과습되면 잎의 색깔이 암록색을 띄며 떨어지게 되며, 여름철 너무 건조하게 관리해도 잎이 주름지거나 오그라들면서 떨어짐) - 물주기: 불규칙적으로 하면 잎의 모양이 고르지 않게 자랄 수도 있다.
무늬알피니아	Alpinia zerumbet 'Variegata'	잎&꽃보기식물		햇빛을 좋아해요.	햇빛이 잘 드는 창가나 배란다가 좋아요.		21 - 25도 정도가 적당해요. 겨울엔 최소 13도 이상 유지해주세요.		키우기 쉬운 편이에요.
무늬유카	Yucca elephantipes 'Variegata'	잎보기식물	겉흙이 말랐을 때 충분히 주세요. 겨울에는 흙 속까지 말랐을 때 충분히 주세요.	햇빛을 좋아해요.	햇빛이 잘 드는 배란다가 좋아요.	가볍고 건조한 흙이 좋아요.	21 - 25도 정도가 적당해요. 겨울엔 최소 7도 이상 유지해주세요.		키우기 쉬운 편이에요. 
드라세나 드라코	Dracaena draco	잎보기식물	겉흙이 말랐을 때 충분히 주세요. 겨울에는 흙 속까지 말랐을 때 충분히 주세요. 온수를 사용하는 것이 좋아요.	햇빛을 좋아해요.	거실 창가처럼 햇빛이 적당히 드는 곳이 좋아요.	가볍고 건조한, 알칼리, 중성의 흙이 좋아요. (양질토, 모래)  일반화분용토양 (토양자체가 단단하면 모래 또는 펄라이트, 피트모스를 추가하여 흙을 만듬)	21 - 25도 정도가 적당해요. 겨울엔 최소 13도 이상 유지해주세요.		키우기 어려운 편이에요.
드라세나 마지나타	Dracaena marginata	잎보기식물	흙을 촉촉하게 유지하는 것이 좋아요. 흙이 잠기지 않도록 주의해주세요. 겨울에는 흙 속까지 말랐을 때 충분히 주세요. 찬물은 사용하지 않는 것이 좋아요.	햇빛을 좋아해요.	거실 창가처럼 햇빛이 적당히 드는 곳이 좋아요.	건조하고 가벼운  산성, 알카리 흙이 좋아요.	16 - 20도 정도가 적당해요. 겨울엔 최소 10도 이상 유지해주세요.		키우기 쉬운 편이에요. 
드라세나 맛상게아나	Dracaena fragrans var. massangeana	잎보기식물	흙을 촉촉하게 유지하는 것이 좋아요. 흙이 잠기지 않도록 주의해주세요. 겨울에는 흙 속까지 말랐을 때 충분히 주세요.	햇빛이 조금 드는 곳이 좋아요.	거실 창가처럼 햇빛이 적당히 드는 곳이 좋아요.	화분용 영양토가 좋아요.	16 - 20도 정도가 적당해요. 겨울엔 최소 13도 이상 유지해주세요.		키우기 쉬운 편이에요.
드라세나 산데리아나	Dracaena sanderiana	잎보기식물	흙을 촉촉하게 유지하는 것이 좋아요. 흙이 잠기지 않도록 주의해주세요. 겨울에는 흙 속까지 말랐을 때 충분히 주세요. 겨울철에 찬수돗물은 잎을 노랗게 변하므로 하루쯤 받아 둔 물을 주는 것이 좋아요. 실내 건조시 잎에 물을 뿌려주면 잎이 싱싱해지고 병충해 피해도 줄일 수 있어요.	햇빛이 조금 드는 곳이 좋아요.	어디든 좋아요.	물이 잘빠지는 중성의 흙이 좋아요. (양질토, 모래)	21 - 25도 정도가 적당해요. 겨울엔 최소 13도 이상 유지해주세요.		키우기 쉬운 편이에요.
드라세나 산데리아나 '세레스'	Dracaena sanderiana 'Celes'	잎보기식물	흙을 촉촉하게 유지하는 것이 좋아요. 흙이 잠기지 않도록 주의해주세요. 겨울에는 겉흙이 말랐을 때 충분히 주세요.	햇빛이 조금 드는 곳이 좋아요.	비교적 그늘진 곳이나 적당한 빛이 드는 장소가 좋아요.	건조한 흙이 좋아요.	21 - 25도 정도가 적당해요. 겨울엔 최소 13도 이상 유지해주세요.		키우기 쉬운 편이에요.
드라세나 수르쿨로사	Dracaena surculosa (D. godseffiana)	잎보기식물	토양이 표면이 말랐을 때 충분히 물을 주세요. 겨울에는 화분 흙 대부분이 말랐을 때 충분히 물을 주세요.	햇빛이 드는 곳이면 좋아요.	어디든 좋아요.		온도는 16~20℃, 최저 온도는 13℃ 이상이 좋아요.		키우기 어려워요.
디지고데카	Dizygotheca elegantissima	잎보기식물	토양이 표면이 말랐을 때 충분히 물을 주세요. 겨울에는 화분 흙 대부분이 말랐을 때 충분히 물을 주세요.	햇빛을 좋아해요.	어디든 좋아요.	 좋은 배수와 균등 습한 토양 / 양질토, 모래 / 중성, 알카리	온도는 16~20℃, 겨울 최저 온도는 13℃ 이상이 좋아요.		키우기 어려워요.
디펜바키아 '마리안느'	Dieffenbachia 'Marianne'	잎보기식물	토양이 표면이 말랐을 때 충분히 물을 주세요. 겨울에는 화분 흙 대부분이 말랐을 때 충분히 물을 주세요.	햇빛을 좋아해요.	햇빛이 잘 드는 곳이 좋아요.	산성, 중성 / 양질토, 모래	온도는 21~25℃, 겨울 최저 온도는 13℃ 이상이 좋아요.		키우기 어려워요.  특별관리: 고온 다습을 좋아하므로 공중습도를 높게 유지해야해요.
디펜바키아 '트로픽스노우'	Dieffenbachia amoena 'Tropic snow'	잎보기식물	토양이 표면이 말랐을 때 충분히 물을 주세요. 겨울에는 화분 흙 대부분이 말랐을 때 충분히 물을 주세요.	햇빛을 좋아해요.	햇빛이 드는 곳이 좋아요.	산성, 중성 / 양질토	온도는 21~25℃, 겨울 최저 온도는 13℃ 이상이 좋아요.		키우기 어려워요.
칼라데아 인시그니스	Calathea insignis	잎보기식물	토양이 표면이 말랐을 때 충분히 물을 주세요. 겨울에는 화분 흙 대부분이 말랐을 때 충분히 물을 주세요.	햇빛을 좋아해요.	햇빛이 드는 곳이 좋아요.		온도는 21~25℃, 겨울 최저 온도는 13℃ 이상이 좋아요.		키우기 어려워요.  특별관리: 어두운 곳에 오래 있으면 잎 끝이 아래로 처지거나 싹 끝이 시드는 등의 증상이 있고, 건조할 경우에는 잎이 말리는 현상이 있으므로 직사광선을 피해야해요.
칼라데아 크로카타	Calathea crocata	잎&꽃보기식물	토양이 표면이 말랐을 때 충분히 물을 주세요. 겨울에는 화분 흙 대부분이 말랐을 때 충분히 물을 주세요.	햇빛을 좋아해요.	햇빛이 드는 곳이 좋아요.		온도는 21~25℃, 겨울 최저 온도는 13℃ 이상이 좋아요.		키우기 어려운 편이에요.
칼랑코에	Kalanchoe blossfeldiana	꽃보기식물	토양이 표면이 말랐을 때 충분히 물을 주세요. 겨울에는 화분 흙 대부분이 말랐을 때 충분히 물을 주세요.	햇빛을 좋아해요.	햇빛이 드는 곳이 좋아요.	포름알데히드, 자일렌	온도는 16~20℃, 겨울 최저 온도는 13℃ 이상이 좋아요.		키우기 쉬우나 관리가 좀 필요해요.
커피나무	Coffea arabica	잎보기식물	토양이 표면이 말랐을 때 충분히 물을 주세요. 겨울에는 화분 흙 대부분이 말랐을 때 충분히 물을 주세요.	햇빛을 좋아해요.	햇빛이 드는 곳이 좋아요.		온도는 21~25℃, 겨울 최저 온도는 13℃ 이상이 좋아요.		키우기 어려워요.
켄챠야자	Howea forsteriana	잎보기식물	토양 표면이 말랐을때 충분히 물을 주세요.	햇빛을 좋아해요.	어디든 좋아요.	포름알데히드, 벤젠, 톨루엔, 자일렌, 트리클로로 에틸렌	온도는 21~25℃, 겨울 최저 온도는 13℃ 이상이 좋아요.		키우기 어려워요.
홍죽	Cordyline terminalis 'Rededge'	잎보기식물	흙을 촉촉하게 유지하세요.(물에 잠기지 않도록 주의하세요.) 겨울에는 토양 표면이 말랐을때 충분히 물을 주세요.	햇빛을 좋아해요.	햇빛이 드는 곳이 좋아요.		온도는 21~25℃, 겨울 최저 온도는 13℃ 이상이 좋아요.		키우기 어려워요.
색비름	Codiaeum variegatum var. pictum	잎보기식물	토양이 표면이 말랐을 때 충분히 물을 주세요. 겨울에는 화분 흙 대부분이 말랐을 때 충분히 물을 주세요.	햇빛을 좋아해요.	햇빛이 드는 곳이 좋아요.		온도는 21~25℃, 겨울 최저 온도는 13℃ 이상이 좋아요.		키우기 어려워요.
크립탄서스	Cryptanthus spp.	잎보기식물	토양 표면이 말랐을때 충분히 물을 주세요.	햇빛을 좋아해요.	햇빛이 드는 곳이 좋아요.		온도는 21~25℃, 겨울 최저 온도는 13℃ 이상이 좋아요.		관리 요구도: 필요함,
접란	Chlorophytum comosum	잎보기식물	토양이 표면이 말랐을 때 충분히 물을 주세요. 겨울에는 화분 흙 대부분이 말랐을 때 충분히 물을 주세요.	햇빛을 좋아해요.	햇빛이 드는 곳이 좋아요.		온도는 16~20℃, 겨울 최저 온도는 10℃이 좋아요.		키우기 쉬워요.
제라니움	Pelargonium hortorum	잎&꽃보기식물	토양이 표면이 말랐을 때 충분히 물을 주세요. 겨울에는 화분 흙 대부분이 말랐을 때 충분히 물을 주세요.	햇빛을 좋아해요.	햇빛이 드는 곳이 좋아요.		온도는 21~25℃, 겨울 최저 온도는 10℃ 정도가 좋아요.		키우기 쉬워요.  특별관리: 겉흙이 마르기 시작하면 충분히 물을 주세요.
좀마삭줄	Trachelospermum 'Atsuba Chirimen'	잎보기식물	흙을 촉촉하게 유지하세요.(물에 잠기지 않도록 주의하세요.) 겨울에는 토양 표면이 말랐을때 충분히 물을 주세요.	햇빛을 좋아해요.	햇빛이 드는 곳이 좋아요.		온도는 16~20℃, 겨울 최저 온도는 0℃ 이하가 좋아요.		키우기는 보통 정도에요.
종려방동사니	Cyperus alternifolius	잎보기식물		햇빛을 좋아해요.	햇빛이 드는 곳이 좋아요.		온도는 16~20℃, 겨울 최저 온도는 10℃ 정도가 좋아요.		키우기는 보통 정도에요.
종려죽	Rhapis humilis	잎보기식물	토양이 표면이 말랐을 때 충분히 물을 주세요. 겨울에는 화분 흙 대부분이 말랐을 때 충분히 물을 주세요.	햇빛을 좋아해요.	햇빛이 드는 곳이 좋아요.		온도는 16~20℃, 겨울 최저 온도는 10℃ 정도가 좋아요.		키우기는 보통 정도에요.
죽백나무	Podocarous nagi	잎보기식물	토양 표면이 말랐을때 충분히 물을 주세요.	햇빛을 좋아해요.	햇빛이 드는 곳이 좋아요.		온도는 16~20℃, 겨울 최저 온도는 10℃ 정도가 좋아요.		키우기 쉬워요.
참쇠고비(섬쇠고비)	Cyrtomium caryotideum var. koreanum	잎보기식물	흙을 촉촉하게 유지하세요.(물에 잠기지 않도록 주의하세요.) 겨울에는 토양 표면이 말랐을때 충분히 물을 주세요.	햇빛이 드는 곳이면 좋아요.	어디든 좋아요.		온도는 16~20℃, 최저 온도는 5℃ 정도가 좋아요.		키우기 쉬워요.
치자나무	Gardenia jasminoides	잎&꽃보기식물	봄이랑 겨울에는 화분 흙 대부분 말랐을 때 물을 충분히 주세요. 여름이랑 가을에는 토양 표면이 말랐을 때 물을 충분히 주세요.	햇빛을 좋아해요.	발코니 같이 햇빛이 잘 드는 곳이 좋아요.		온도는 21~25℃, 겨울 최저 온도는 5℃ 정도가 좋아요.		키우기 쉬워요.
칼라데아 마코야나	Calathea makoyana	잎보기식물	토양이 표면이 말랐을 때 충분히 물을 주세요. 겨울에는 화분 흙 대부분이 말랐을 때 충분히 물을 주세요.	햇빛을 좋아해요.	햇빛이 드는 곳이 좋아요.		온도는 21~25℃, 겨울 최저 온도는 13℃ 이상이 좋아요.		키우기 어려워요.
피토니아 핑크스타	Fittonia  verschaffeltii 'Pink Star'	잎보기식물	토양이 표면이 말랐을 때 충분히 물을 주세요. 겨울에는 화분 흙 대부분이 말랐을 때 충분히 물을 주세요.	햇빛을 좋아해요.	햇빛이 드는 곳이 좋아요.		온도는 21~25℃, 겨울 최저 온도는 13℃ 이상이 좋아요.		키우기 어려워요.
피토니아 화이트스타	Fittonia  verschaffelti 'White Star'	잎보기식물	토양이 표면이 말랐을 때 충분히 물을 주세요. 겨울에는 화분 흙 대부분이 말랐을 때 충분히 물을 주세요.	햇빛을 좋아해요.	햇빛이 드는 곳이 좋아요.		온도는 21~25℃, 겨울 최저 온도는 13℃ 이상이 좋아요.		키우기 쉬워요.
필레아 글라우카(타라, 블루체인)	Pilea grauca	잎보기식물	토양이 표면이 말랐을 때 충분히 물을 주세요. 겨울에는 화분 흙 대부분이 말랐을 때 충분히 물을 주세요.	햇빛을 좋아해요.	어디든 좋아요.		온도는 21~25℃, 겨울 최저 온도는 13℃ 이상이 좋아요.		키우기는 쉬우나 관리가 조금 필요해요.  특별관리: 너무 그늘에서는 줄기 사이가 길어지며 모양이 흐트러지므로 직사광선을 피한 밝은 빛을 쬐어주면 잎이 엉성하지 않고 귀엽게 자라요,
필로덴드론 '선라이트'	Philodendron 'Sunlight'	잎보기식물	토양이 표면이 말랐을 때 충분히 물을 주세요. 겨울에는 화분 흙 대부분이 말랐을 때 충분히 물을 주세요.	햇빛을 좋아해요.	햇빛이 드는 곳이 좋아요.		온도는 21~25℃, 겨울 최저 온도는 13℃ 이상이 좋아요.		키우기 어려워요.
필로덴드론 '제나두'	Philodendron 'Xanadu'	잎보기식물	토양이 표면이 말랐을 때 충분히 물을 주세요. 겨울에는 화분 흙 대부분이 말랐을 때 충분히 물을 주세요.	햇빛을 좋아해요.	햇빛이 드는 곳이 좋아요.		온도는 21~25℃, 겨울 최저 온도는 13℃ 이상이 좋아요.		경험자 용으로 키우기는 보통이에요.
필로덴드론 고엘디	Philodendron goeldii	잎보기식물	토양이 표면이 말랐을 때 충분히 물을 주세요. 겨울에는 화분 흙 대부분이 말랐을 때 충분히 물을 주세요.	햇빛을 좋아해요.	햇빛이 드는 곳이 좋아요.		온도는 21~25℃, 겨울 최저 온도는 13℃ 이상이 좋아요.		키우기 어려워요.
필로덴드론 레몬라임	Philodendron 'Lemon Lime'	잎보기식물	토양이 표면이 말랐을 때 충분히 물을 주세요. 겨울에는 화분 흙 대부분이 말랐을 때 충분히 물을 주세요.	햇빛을 좋아해요.	햇빛이 드는 곳이 좋아요.		온도는 21~25℃, 겨울 최저 온도는 13℃ 이상이 좋아요.		키우기 어려워요.
필로덴드론 셀로움	Philodendron selloum	잎보기식물	토양이 표면이 말랐을 때 충분히 물을 주세요. 겨울에는 화분 흙 대부분이 말랐을 때 충분히 물을 주세요.	햇빛을 좋아해요.	햇빛이 드는 곳이 좋아요.		온도는 21~25℃, 겨울 최저 온도는 13℃ 이상이 좋아요.		키우기 어려워요.
필로덴드론 옥시카르디움	Philodendron oxycardium	잎보기식물	토양이 표면이 말랐을 때 충분히 물을 주세요. 겨울에는 화분 흙 대부분이 말랐을 때 충분히 물을 주세요.	햇빛을 좋아해요.	어디든 좋아요.		온도는 21~25℃, 겨울 최저 온도는 13℃ 이상이 좋아요.		키우기는 보통 정도에요.
홀리아페페로미아	Peperomia angula	잎보기식물		햇빛을 좋아해요.	햇빛이 드는 곳이 좋아요.		온도는 21~25℃, 겨울 최저 온도는 13℃ 이상이 좋아요.		키우기 어려워요.
황금마삭줄	Trachelospermum asiaticum var. variegatum	잎보기식물	토양이 표면이 말랐을 때 충분히 물을 주세요. 겨울에는 화분 흙 대부분이 말랐을 때 충분히 물을 주세요.	햇빛을 좋아해요.	햇빛이 드는 곳이 좋아요.		온도는 16~20℃, 겨울 최저 온도는 5℃ 정도가 좋아요.		키우기는 쉬우나 관리가 조금 필요해요.
황금죽	Dracaena sanderiana	잎보기식물	토양 표면이 말랐을때 충분히 물을 주세요.	햇빛을 좋아해요.	햇빛이 드는 곳이 좋아요.	포름알데히드, 벤젠, 톨루엔, 자일렌, 트리클로로 에틸렌	온도는 16~20℃, 겨울 최저 온도는 13℃ 이상이 좋아요.		키우기 어려워요.
후피향나무	Ternstroemia japonica	잎보기식물	토양이 표면이 말랐을 때 충분히 물을 주세요. 겨울에는 화분 흙 대부분이 말랐을 때 충분히 물을 주세요.	햇빛을 좋아해요.	발코니 같이 햇빛이 잘 드는 곳이 좋아요.		온도는 16~20℃, 겨울 최저 온도는 0℃ 이하이 좋아요.		키우기 쉬워요.
흰꽃나도사프란	Zephyranthes candida	잎&꽃보기식물	봄이랑 겨울에는 화분 흙 대부분 말랐을 때 물을 충분히 주세요. 여름이랑 가을에는 토양 표면이 말랐을 때 물을 충분히 주세요.	햇빛을 좋아해요.	발코니 같이 햇빛		온도는 21~25℃, 겨울 최저 온도는 5℃ 정도가 좋아요.		키우기 쉬워요.
흰줄무늬달개비(트라데스칸티아)	Tradescantia albiflora Kunth 'Albovittata'	잎보기식물	토양 표면이 말랐을때 충분히 물을 주세요.	햇빛을 좋아해요.	햇빛이 드는 곳이 좋아요.		온도는 21~25℃, 겨울 최저 온도는 13℃ 이상이 좋아요.		키우기는 쉬우나 관리가 조금 필요해요.  특별관리: 빛이 부족하면 무늬가 없어지므로 주의해야해요.
히포에스테스	Hypoestes phyllostachya (H. sanguinnolenta)	잎보기식물	흙을 촉촉하게 유지하세요.(물에 잠기지 않도록 주의하세요.) 겨울에는 토양 표면이 말랐을때 충분히 물을 주세요.	햇빛을 좋아해요.	햇빛이 드는 곳이 좋아요.		온도는 21~25℃, 겨울 최저 온도는 13℃ 이상이 좋아요.		키우기는 쉬우나 관리가 조금 필요해요.
알로카시아 아마조니카	Alocasia amazonica	잎보기식물	흙을 촉촉하게 유지하세요.(물에 잠기지 않도록 주의하세요.) 겨울에는 토양 표면이 말랐을때 충분히 물을 주세요.	햇빛을 좋아해요.	햇빛이 드는 곳이 좋아요.		온도는 21~25℃, 겨울 최저 온도는 13℃ 이상이 좋아요.		전문가 용으로 키우기 매우 어려워요.
알로카시아 쿠쿨라타	Alocasia cucullata	잎보기식물	흙을 촉촉하게 유지하세요.(물에 잠기지 않도록 주의하세요.) 겨울에는 토양 표면이 말랐을때 충분히 물을 주세요.	햇빛을 좋아해요.	어디든 좋아요.		온도는 16~20℃, 겨울 최저 온도는 13℃ 이상이 좋아요.		키우기는 쉬우나 관리가 조금 필요해요.
얼룩자주달개비	Zebrina pendula	잎&꽃보기식물	토양이 표면이 말랐을 때 충분히 물을 주세요. 겨울에는 화분 흙 대부분이 말랐을 때 충분히 물을 주세요.	햇빛을 좋아해요.	햇빛이 드는 곳이 좋아요.		온도는 21~25℃, 겨울 최저 온도는 10℃ 정도가 좋아요.		키우기는 쉬우나 관리가 조금 필요해요.
에메랄드리플 페페로미아	Peperomia caperata	잎보기식물		햇빛을 좋아해요.	어디든 좋아요.		온도는 21~25℃, 겨울 최저 온도는 13℃ 이상이 좋아요.		키우기 어려워요.
에크메아 파시아타	Aechmea fasciata	잎&꽃보기식물	토양 표면이 말랐을때 충분히 물을 주세요.	햇빛을 좋아해요.	햇빛이 드는 곳이 좋아요.	포름알데히드	온도는 21~25℃, 겨울 최저 온도는 13℃ 이상이 좋아요.		경험자 용으로 키우기는 보통이에요.
엘라티올 베고니아	Begonia X hiemalis	잎&꽃보기식물	토양 표면이 말랐을때 충분히 물을 주세요.	햇빛을 좋아해요.	햇빛이 드는 곳이 좋아요.	중성,산성 / 배수 잘 됨 / 타입-Loam	온도는 21~25℃, 겨울 최저 온도는 13℃ 이상이 좋아요.		키우기는 보통 정도에요.
여우꼬리풀	Acalypha reptans	꽃보기식물	봄이랑 겨울에는 화분 흙 대부분 말랐을 때 물을 충분히 주세요. 여름이랑 가을에는 토양 표면이 말랐을 때 물을 충분히 주세요.	햇빛을 좋아해요.	햇빛이 드는 곳이 좋아요.		온도는 21~25℃, 겨울 최저 온도는 13℃ 이상이 좋아요.		키우기 어려워요.
엽란	Aspidistra elatior	잎보기식물	토양이 표면이 말랐을 때 충분히 물을 주세요. 겨울에는 화분 흙 대부분이 말랐을 때 충분히 물을 주세요.	햇빛이 드는 곳이면 좋아요.	어디든 좋아요.	포름알데히드, 벤젠	온도는 16~20℃, 겨울 최저 온도는 5℃ 정도가 좋아요.		키우기 쉬워요.
옥살리스(사랑초)	Oxalis triangularis	잎&꽃보기식물	토양이 표면이 말랐을 때 충분히 물을 주세요. 겨울에는 화분 흙 대부분이 말랐을 때 충분히 물을 주세요.	햇빛을 좋아해요.	햇빛이 드는 곳이 좋아요.		온도는 16~20℃, 겨울 최저 온도는 10℃ 정도가 좋아요.		경험자 용으로 키우기는 보통이에요.
온시디움	Oncidium spp.	꽃보기식물	화분 흙 대부분이 말랐을 때 충분히 물을 주세요. 여름에는 토양 표면이 말랐을 때 물을 충분히 주세요.	햇빛을 좋아해요.	햇빛이 드는 곳이 좋아요.		온도는 21~25℃, 겨울 최저 온도는 13℃ 이상이 좋아요.		키우기 어려워요.
필로덴드론 콩고	Philodendron 'Congo'	잎보기식물	토양이 표면이 말랐을 때 충분히 물을 주세요. 겨울에는 화분 흙 대부분이 말랐을 때 충분히 물을 주세요.	햇빛을 좋아해요.	햇빛이 드는 곳이 좋아요.		온도는 21~25℃, 겨울 최저 온도는 13℃ 이상이 좋아요.		키우기 어려워요.
해마리아	Haemaria discolor var. dawsoniana	잎&꽃보기식물	흙을 촉촉하게 유지해주세요.(물에 잠기지 않도록 주의하셔야해요!) 겨울에는 화분 흙 대부분이 말랐을 때 충분히 물을 주세요!	햇빛이 드는 곳이면 좋아요.	어디든 좋아요.		온도는 21~25℃, 겨울 최저 온도는 13℃ 이상이 좋아요.		전문가 용으로 키우기는 보통이에요.
행운목	Dracaena fragrans	잎보기식물	흙을 촉촉하게 유지하세요.(물에 잠기지 않도록 주의하세요.) 겨울에는 토양 표면이 말랐을때 충분히 물을 주세요.	햇빛을 좋아해요.	햇빛이 드는 곳이 좋아요.		온도는 21~25℃, 겨울 최저 온도는 13℃ 이상이 좋아요.		키우기 쉬워요.
헤미오니티스(하트펀)	Hemionitis arifolia	잎보기식물	흙을 촉촉하게 유지하세요.(물에 잠기지 않도록 주의하세요.) 겨울에는 토양 표면이 말랐을때 충분히 물을 주세요.	햇빛을 좋아해요.	햇빛이 드는 곳이 좋아요.		온도는 21~25℃, 최저 온도는 13℃ 이상이 좋아요.		키우기 어려워요.  특별관리: 습한 곳을 좋아하지만 뿌리가 물에 잠겨있는 것을 싫어하며, 빛은 좋아하지만 직사광선은 싫어해요.
헤테로파낙스 프라그란스 (해피트리)	Heteropanax fragrans	잎보기식물	토양이 표면이 말랐을 때 충분히 물을 주세요. 겨울에는 화분 흙 대부분이 말랐을 때 충분히 물을 주세요.	햇빛을 좋아해요.	햇빛이 드는 곳이 좋아요.		온도는 21~25℃, 겨울 최저 온도는 13℃ 이상이 좋아요.		키우기 어려워요.
협죽도	Nerium indicum	잎&꽃보기식물	봄이랑 가을에는 토양 표면이 말랐을 때 물을 충분히 주세요. 여름에는 흙을 촉촉하게 유지하세요.(물에 잠기지 않도록 주의해주세요.) 겨울에는 화분 흙 대부분이 말랐을 때 충분히 물을 주세요.	햇빛을 좋아해요.	발코니 같이 햇빛이 잘 드는 곳이 좋아요.		온도는 21~25℃, 겨울 최저 온도는 7℃ 정도가 좋아요.		키우기 쉬워요.
형광스킨답서스	Epipremnum aureum 'Lime'	잎보기식물	토양이 표면이 말랐을 때 충분히 물을 주세요. 겨울에는 화분 흙 대부분이 말랐을 때 충분히 물을 주세요.	햇빛을 좋아해요.	햇빛이 드는 곳이		온도는 21~25℃, 겨울 최저 온도는 13℃ 이상이 좋아요.		키우기는 보통 정도에요.
호야 엑소티카	Hoya carnosa 'Exotica Hort'	잎&꽃보기식물		햇빛을 좋아해요.	햇빛이 드는 곳이 좋아요.		온도는 21~25℃, 겨울 최저 온도는 13℃ 이상이 좋아요.		경험자 용으로 키우기는 보통이에요.
호주매	Leptospermum scoparium	꽃보기식물	봄이랑 겨울에는 화분 흙 대부분 말랐을 때 물을 충분히 주세요. 여름이랑 가을에는 토양 표면이 말랐을 때 물을 충분히 주세요.	햇빛을 좋아해요.	햇빛이 드는 곳이 좋아요.		온도는 21~25℃, 겨울 최저 온도는 13℃ 이상이 좋아요.		키우기 어려워요.
클레마티스	Clematis florida	꽃보기식물	흙을 촉촉하게 유지하세요.(물에 잠기지 않도록 주의하세요.) 겨울에는 토양 표면이 말랐을때 충분히 물을 주세요.	햇빛을 좋아해요.	발코니 같이 햇빛이 잘 드는 곳이 좋아요.		온도는 21~25℃, 겨울 최저 온도는 0℃ 이하이 좋아요.		키우기는 보통 정도에요.
털달개비	Tradescantia sillamontana	잎&꽃보기식물	봄이랑 겨울에는 화분 흙 대부분 말랐을 때 물을 충분히 주세요. 여름이랑 가을에는 토양 표면이 말랐을 때 물을 충분히 주세요.	햇빛을 좋아해요.	햇빛이 드는 곳이 좋아요.		온도는 21~25℃, 겨울 최저 온도는 13℃ 이상이 좋아요.		키우기는 보통 정도에요.
털머위	Farfugium japonicum	잎&꽃보기식물	토양 표면이 말랐을때 충분히 물을 주세요.	햇빛이 드는 곳이면 좋아요.	햇빛이 드는 곳이 좋아요.		온도는 16~20℃, 겨울 최저 온도는 5℃ 정도가 좋아요.		키우기 보통 정도에요.
테이블야자	Chamaedorea elegans	잎보기식물	흙을 촉촉하게 유지해주세요.(물에 잠기지 않도록 주의하셔야해요.) 겨울에는 화분 흙 대부분이 말랐을 때 충분히 물을 주세요.	햇빛을 좋아해요.	어디든 좋아요,	포름알데히드, 벤젠, 톨루엔, 트리클로로 에틸렌, 암모니아	온도는 21~25℃, 겨울 최저 온도는 13℃ 이상이 좋아요.		키우기는 쉬우나 관리가 조금 필요해요.  특별관리: 충분한 물을 주는 것이 좋아요.
톨미아	Tolmiea menziesii	잎보기식물		햇빛을 좋아해요.	어디든 좋아요.		온도는 21~25℃, 겨울 최저 온도는 10℃ 정도가 좋아요.		키우기 어려워요.
틸란드시아	Tillandsia cyanea	잎&꽃보기식물	토양이 표면이 말랐을 때 충분히 물을 주세요. 겨울에는 화분 흙 대부분이 말랐을 때 충분히 물을 주세요.	햇빛을 좋아해요.	햇빛이 드는 곳이 좋아요.		온도는 21~25℃, 겨울 최저 온도는 10℃ 정도가 좋아요.		키우기 어려워요.
파키라	Pachira aquatica	잎보기식물	토양이 표면이 말랐을 때 충분히 물을 주세요. 겨울에는 화분 흙 대부분이 말랐을 때 충분히 물을 주세요.	햇빛을 좋아해요.	어디든 좋아요.		온도는 21~25℃, 겨울 최저 온도는 13℃ 이상이 좋아요.		키우기 어려워요.
파피오페딜럼	Paphiopedilum hybrids	잎&꽃보기식물	봄이랑 겨울에는 화분 흙 대부분 말랐을 때 물을 충분히 주세요. 여름이랑 가을에는 토양 표면이 말랐을 때 물을 충분히 주세요.	햇빛을 좋아해요.	햇빛이 드는 곳이 좋아요.		온도는 21~25℃, 최저 온도는 10℃ 정도가 좋아요.		전문가 용으로 키우기 매우 어려워요.
팔레놉시스(호접란)	Phaelenopsis spp.	잎&꽃보기식물	토양이 표면이 말랐을 때 충분히 물을 주세요. 겨울에는 화분 흙 대부분이 말랐을 때 충분히 물을 주세요.	햇빛을 좋아해요.	어디든 좋아요.		온도는 21~25℃, 겨울 최저 온도는 13℃ 이상이 좋아요.		전문가 용으로 키우기 매우 어려워요. 특별관리: 실내공기가 너무 건조하면 개각충이나 응애가 발생해요.
팔손이나무	Fatsia japonica	잎&꽃보기식물	토양이 표면이 말랐을 때 충분히 물을 주세요. 겨울에는 화분 흙 대부분이 말랐을 때 충분히 물을 주세요.	햇빛을 좋아해요.	어디든 좋아요.		온도는 16~20℃, 겨울 최저 온도는 5℃ 정도가 좋아요.		키우기 쉬워요.  특별관리: 4~9월까지 년 1회 영양관리 권장한해요.
아라우카리아	Araucaria heterophylla	잎보기식물	토양이 표면이 말랐을 때 충분히 물을 주세요. 겨울에는 화분 흙 대부분이 말랐을 때 충분히 물을 주세요.	햇빛을 좋아해요.	어디		온도는 21~25℃, 겨울 최저 온도는 5℃ 정도가 좋아요.		키우기 쉬워요.
아레카야자	Chrysalidocarpus lutescens	잎보기식물	토양 표면이 말랐을때 충분히 물을 주세요.	햇빛을 좋아해요.	햇빛이 드는 곳이 좋아요.	증산율이 높기 때문에 수경재배나 지하관수로도 키울 수 있다. 수경재배나 지하관수를 하면	온도는 21~25℃, 겨울 최저 온도는 13℃ 이상이 좋아요.		키우기 어려워요.  특별관리: 일부 가지에만 염분을 축적하는 독특한 성질을 가지고 있으며 축적된 염분이 포화상태에 이르렀을 때 그 가지가 말라죽게 되므로 이때는 빨리 가지를 잘라주도록해요.
아마릴리스	Hippeastrum hybridum	꽃보기식물	봄이랑 가을에는 토양 표면이 말랐을 때 물을 충분히 주세요. 여름에는 흙을 촉촉하게 유지하세요.(물에 잠기지 않도록 주의해주세요.) 겨울에는 화분 흙 대부분이 말랐을 때 충분히 물을 주세요.	햇빛을 좋아해요.	발코니 같이 햇빛이 잘 드는 곳이 좋아요.		온도는 21~25℃, 겨울 최저 온도는 7℃ 정도가 좋아요.		키우기 쉬워요.
아스파라거스 풀루모수스	Asparagus pulmosus var. nanus	잎보기식물	흙을 촉촉하게 유지하세요.(물에 잠기지 않도록 주의하세요.) 겨울에는 토양 표면이 말랐을때 충분히 물을 주세요.	햇빛을 좋아해요.	햇빛이 드는 곳이 좋아요.		온도는 21~25℃, 겨울 최저 온도는 10℃ 정도가 좋아요.		키우기 어려워요.
아스플레니움	Asplenium nidus	잎보기식물	항상 흙을 축축하게 유지해 주세요.(물에 잠길정도로요.) 겨울에는 토양 표면이 말랐을때 물을 충분히 주세요.	햇빛을 좋아해요.	어디든 좋아요.		온도는 21~25℃, 겨울 최저 온도는 10℃ 정도가 좋아요.		키우기 어려워요.  특별관리: 한여름의 직사광선은 피하고 습도유지가 되어야 잘 자라요. 새로운 엽상체는 잘 찢어지므로 취급시 주의해요.
아왜나무	Viburnum odoratissimum var. awabuki	잎&꽃보기식물	토양이 표면이 말랐을 때 충분히 물을 주세요. 겨울에는 화분 흙 대부분이 말랐을 때 충분히 물을 주세요.	햇빛을 좋아해요.	어디든 좋아요.		온도는 16~20℃, 겨울 최저 온도는 0℃ 이하가 좋아요.		키우기 쉬워요.
아이비	Hedera helix	잎보기식물	흙을 촉촉하게 유지하세요.(물에 잠기지 않도록 주의하세요.) 겨울에는 토양 표면이 말랐을때 충분히 물을 주세요.	햇빛을 좋아해요.	어디든 좋아요.		온도는 16~20℃, 겨울 최저 온도는 5℃ 정도가 좋아요.		키우기 쉬워요.
아펠란드라	Aphelandra squarrosa	잎&꽃보기식물	토양이 표면이 말랐을 때 충분히 물을 주세요. 겨울에는 화분 흙 대부분이 말랐을 때 충분히 물을 주세요.	햇빛을 좋아해요.	햇빛이 드는 곳이 좋아요.		온도는 21~25℃, 겨울 최저 온도는 13℃ 이상이 좋아요.		키우기 어려워요.
안수리움	Anthurium andraeanum	잎&꽃보기식물	토양 표면이 말랐을때 충분히 물을 주세요.	햇빛을 좋아해요.	햇빛이 드는 곳이 좋아요.	포름알데히드, 자일렌, 암모니아	온도는 21~25℃, 겨울 최저 온도는 13℃ 이상이 좋아요.		키우기 어려워요.  특별관리: 여름철 직사광선을 피하고, 겨울철 밝은 빛을 유지해야하며 습한 것을 좋아해 자주 분무 해주는 것이 좋아요.
네마탄투스	Nematanthus gregarius	잎&꽃보기식물	토양이 표면이 말랐을 때 충분히 물을 주세요. 겨울에는 화분 흙 대부분이 말랐을 때 충분히 물을 주세요.	햇빛을 좋아해요.	햇빛이 드는 곳이 좋아요.	중성 / 배수정도 보통 / 타입 - Loam, Sand	온도는 16~20℃, 겨울 최저 온도는 10℃ 정도가 좋아요.		키우기는 보통 정도에요.
네오레겔리아	Neoregelia carolinae	잎&꽃보기식물	토양 표면이 말랐을때 충분히 물을 주세요.	햇빛을 좋아해요.	햇빛이 드는 곳이 좋아요.		온도는 16~20℃, 최저 온도는 13℃ 이상이 좋아요.		키우기 어려워요.  특별관리: 잎이 단단하여 오래가지만 몸에 가시가 있어 세게 만지면 다쳐요. 개화기에는 가운데 있는 잎들이 포인세티아처럼 빨갛게 또는 보랏빛으로 물이 들어 오랜 기간동안 그 모습을 유지해요. 포엽 가운데 물이 차며 여기서 청보라색의 꽃이 펴요. 잎을 보는 관엽식물로써 실내분화용으로 쓰여요. 우리나라에서도 즐겨 재배되고 있으며 화원에서 쉽게 구할 수 있어요. 꽃대는 거의 뻗어 나오질 않고 원통 속에서 꽃이 펴요. 이 식물의 생육습성은 착생형으로 일부 동양란들처럼 뿌리가 공기에 많이 노출돼야 잘 자라요. 그래서 통기성이 아주 뛰어난 바크(소나무 껍질 같은 유기물) 같은 용토에 심는 것이 보통이에요.
녹영	Senecio rowleyanus	선인장다육식물	화분 흙 대부분이 말랐을 때 물을 충분히 주세요.	햇빛을 좋아해요.	햇빛이 드는 곳이 좋아요.	건조에 강한 식물이므로 겉흙이 완전히 마르면 관수하며 온도가 낮은 환경에서는 특별히 흙을 건조하게 관리한다.	온도는 16~20℃, 겨울 최저 온도는 13℃ 이상이 좋아요.		키우기 어려워요.
뉴기니아봉선화	Impatiens hybrid 'New Guinea'	꽃보기식물	봄과 여름에는 흙을 촉촉하게 유지해 주세요.(물에 잠기지 않도록 주의하세요.) 가을에는 토양 표면이 말랐을 때 물을 충분히 주세요. 겨울에는 화분 흙 대부분이 말랐을 때 물을 충분히 주세요.	햇빛을 좋아해요.	햇빛이 드는 곳이 좋아요.	유기질이 풍부한 배합토로 만든 토양에서 기른다.	온도는 21~25℃, 최저 온도는 13℃ 이상이 좋아요.		키우기는 쉬우나 관리가 조금 필요해요. 특별관리: 물을 매우 좋아하므로 생장기에는 충분히 주지만, 흙이 물에 잠겨있으면, 뿌리가 썩을 수 있어요.
대만고무나무	Ficus retusa	잎보기식물	토양이 표면이 말랐을 때 충분히 물을 주세요. 겨울에는 화분 흙 대부분이 말랐을 때 충분히 물을 주세요.	햇빛을 좋아해요.	어디든 좋아요.		온도는 21~25℃, 겨울 최저 온도는 13℃ 이상이 좋아요.		키우기 어려워요.  특별관리: 환경에 빨리 적응하지 못하므로 갑자기 햇빛으로 내 놓거나, 실내로 옮기면 잎이 많이 떨어지므로 서서히 적응기간을 두어 옮겨요.
더피고사리	Nephrolepis cordifolia 'Duffii'	잎보기식물	흙을 촉촉하게 유지하세요.(물에 잠기지 않도록 주의하세요.) 겨울에는 토양 표면이 말랐을때 충분히 물을 주세요.	햇빛을 좋아해요.	어디든 좋아요.	난석 4:부엽토 3:강모래 3	온도는 16~20℃, 최저 온도는 13℃ 이상이 좋아요.		경험자 용이나 키우기는 쉬운 편이에요. 특별관리: 매일 분무해서 공기 중의 습도를 높여 줘요. 수분이 부족하게 되면 바로 잎끝이 상해요. 한번 말리면 회복이 힘들어요.
덕구리난	Beaucarnea recurvata (Nolina tuberculata)	잎보기식물	토양이 표면이 말랐을 때 충분히 물을 주세요. 겨울에는 화분 흙 대부분이 말랐을 때 충분히 물을 주세요.	햇빛을 좋아해요.	햇빛이 드는 곳이 좋아요.	배수가 잘 되는 토양	온도는 21~25℃, 최저 온도는 13℃ 이상이 좋아요.		키우기 쉬워요.  특별관리: 적절한 환기가 필요함, 여름동안 햇볕이 잘드는 위치에 배치하는 것이 좋아요.
데코라고무나무	Ficus elastica var. decora	잎보기식물	토양이 표면이 말랐을 때 충분히 물을 주세요. 겨울에는 화분 흙 대부분이 말랐을 때 충분히 물을 주세요.	햇빛을 좋아해요.	햇빛이 드는 곳이 좋아요.	중성,산성,알칼리성 / 배수 잘 됨 / 타입-Loam, Sand	온도는 21~25℃, 겨울 최저 온도는 13℃ 이상이 좋아요.		키우기 쉬우나 관리가 좀 필요해요.
덴파레	Dendrobium phalaenopsis	잎&꽃보기식물	화분 흙 대부분이 말랐을 때 물을 충분히 주세요.	햇빛을 좋아해요.	햇빛이 드는 곳이 좋아요.		온도는 21~25℃, 겨울 최저 온도는 13℃ 이상이 좋아요.		키우기는 보통 정도에요.  특별관리: 봄-가을 까지는 실외에 두고 꽃이 개화하여 80%정도에서 꽃대를 잘라주면 새로운 싹을 받기에 좋아요.
도깨비고비	Cyrtomium falcatum	잎보기식물	흙을 촉촉하게 유지하세요.(물에 잠기지 않도록 주의하세요.) 겨울에는 토양 표면이 말랐을때 충분히 물을 주세요.	햇빛이 드는 곳이면 좋아요.	어디든 좋아요.	중성 / 배수 잘 됨 / 타입-Loam	온도는 16~20℃, 최저 온도는 0℃ 이하이 좋아요.		키우기 쉬워요.
가울테리아	Gaultheria procumbens	잎&꽃보기식물	토양이 표면이 말랐을 때 충분히 물을 주세요. 겨울에는 화분 흙 대부분이 말랐을 때 충분히 물을 주세요.	햇빛을 좋아해요.	햇빛이 드는 곳이 좋아요.	토양 : 중성,산성 / 배수 잘 됨 (Loam,Sand)	온도는 16~20℃, 겨울 최저 온도는 0℃ 이하가 좋아요.		키우기는 보통 정도에요.
개운죽	Dracaena sanderiana 'Virens'	잎보기식물	흙을 촉촉하게 유지하세요.(물에 잠기지 않도록 주의하세요.) 겨울에는 토양 표면이 말랐을때 충분히 물을 주세요.	햇빛이 드는 곳이면 좋아요.	어디든 좋아요.		온도는 16~20℃, 겨울 최저 온도는 13℃ 이상이 좋아요.		키우기 쉬워요.  특별관리: 수경은 물주기가 필요 없으나, 화분은 1-2주에 한번씩 충분히 물을 주면 돼요.
골드크레스트 '윌마'	Cupressus macrocarpa 'Wilma'	잎보기식물	토양이 표면이 말랐을 때 충분히 물을 주세요. 겨울에는 화분 흙 대부분이 말랐을 때 충분히 물을 주세요.	햇빛을 좋아해요.	햇빛이 드는 곳이 좋아요.		온도는 16~20℃, 겨울 최저 온도는 10℃ 정도가 좋아요.		키우기는 보통 정도에요. 특별관리: 겨울에는 건조하게 관리해야 해요. 어린 나무일수록 물을 더 자주 주세요.
공작야자	Caryota mitis	잎보기식물	토양 표면이 말랐을때 충분히 물을 주세요.	햇빛을 좋아해요.	햇빛이 드는 곳이 좋아요.	토양-중성,산성/배수잘됨/타입-Loam	온도는 21~25℃, 최저 온도는 13℃ 이상이 좋아요.		키우기 어려워요.
관엽베고니아	Begonia  spp.	잎&꽃보기식물	토양 표면이 말랐을때 충분히 물을 주세요.	햇빛을 좋아해요.	햇빛이 드는 곳이 좋아요.		온도는 16~20℃, 겨울 최저 온도는 13℃ 이상이 좋아요.		키우기는 보통 정도에요.
관음죽	Rhapis  excelsa	잎보기식물	겉흙이 말랐을 때 흠뻑 주세요. 겨울에는 화분 흙이 말랐을때 흠뻑 주세요.	어두워도, 밝아도 좋아요	거실이나 테라스에 두면 좋아요.	중성 혹은 산성 흙이 좋아요.	온도는 16℃에서 20℃도 사이를 유지해주세요. 겨울에는 최저 5℃ 위를 유지해주세요.		초보자에겐 어려울 수 있어요. 경험자용이에요.  혹시 수경재배로 기르는 경우에는 잎 끝이 갈색으로 변할 수도 있어요. 이럴땐 갈색으로 변한 부분만 가위로 잘라내주세요.
구문초	Pelargonium rosium	잎&꽃보기식물	겉흙이 말랐을 때 흠뻑 주세요. 겨울에는 화분 흙이 말랐을때 흠뻑 주세요.	방에 두어도 괜찮아요	거실이나 테라스에 두면 좋아요.		온도는 16도에서 20도 사이를 유지해주세요. 겨울에는 최저 10도 위를 유지해주세요.		경험자용이에요. 
구즈마니아	Guzmania lingulata	잎&꽃보기식물	겉흙이 말랐을때 흠뻑 주세요.	방에 두어도 괜찮아요	거실이나 테라스에 두면 좋아요.		온도는 21도에서 30도 사이를 유지해주세요. 겨울에는 최저 13도 위를 유지해주세요.		경험자용이에요.  신경써서 관리가 필요해요.  습도가 높은 것을 좋아하고, 해가 없는 곳에서 잘 자라니 빛 가림을 자해주세요.
군자란	Clivia miniata	잎&꽃보기식물	겉흙이 말랐을 때 흠뻑 주세요. 겨울에는 화분 흙이 말랐을때 흠뻑 주세요.	방에 두어도 괜찮아요	거실이나 테라스에 두면 좋아요.		온도는 16도에서 20도 사이를 유지해주세요. 겨울에는 최저 10도 위를 유지해주세요.		초보에겐 어려울 수 있어요.
글레코마	Glecoma hederacea 'Variegata'	잎&꽃보기식물	겉흙이 말랐을 때 흠뻑 주세요. 겨울에는 화분 흙이 말랐을때 흠뻑 주세요.	방에 두어도 괜찮아요	거실이나 테라스에 두면 좋아요.		온도는 16도에서 20도 사이를 유지해주세요. 겨울에는 최저 5도 위를 유지해주세요.		초보도 키우기 쉬워요.
러브체인	Ceropegia woodii	잎보기식물	화분 흙이 대부분 말랐을때 흠뻑 주세요	방에 두어도 괜찮아요	거실이나 테라스에 두면 좋아요.	화분용 영양토가 좋아요.	온도는 16도에서 20도 사이를 유지해주세요. 겨울에는 최저 10도 위를 유지해주세요.		초보에겐 어려울 수 있어요.
렉스베고니아	Begonia rex	잎&꽃보기식물	겉흙이 말랐을 때 흠뻑 주세요. 겨울에는 화분 흙이 말랐을때 흠뻑 주세요.	방에 두어도 괜찮아요	거실이나 테라스에 두면 좋아요.	양질토(중립질 흙)가 좋아요.  모래도 좋아요.	온도는 16도에서 20도 사이를 유지해주세요. 겨울에는 최저 13도 위를 유지해주세요.		초보자에겐 어려울 수 있어요. 경험자용이에요.
루모라고사리	Rumohra adiantiformis	잎보기식물	흙을 촉촉하게 유지하세요.(물에 잠기지 않도록 주의하세요.)  겨울에는 겉흙이 말랐을때 흠뻑 주세요.	방에 두어도 괜찮아요	거실이나 테라스에 두면 좋아요.	산성이나 중성이 좋아요. 점토(작은 알갱이로 이루어진 흙)나 양질토(중립질 흙)가 좋아요.	온도는 16℃에서 20℃도 사이를 유지해주세요. 겨울에는 최저 5℃ 위를 유지해주세요.		신경써서 관리가 필요해요.
루스커스	Ruscus spp.	잎보기식물	겉흙이 말랐을 때 흠뻑 주세요. 겨울에는 화분 흙이 말랐을때 흠뻑 주세요.	방에 두어도 괜찮아요	거실이나 테라스에 두면 좋아요.	배수가 잘 되는 흙이나 모래가 좋아요.	온도는 16℃에서 20℃도 사이를 유지해주세요. 겨울에는 최저 5℃ 위를 유지해주세요.		초보도 키우기 쉬워요.
마란타 류코뉴라	Maranta leuconeura	잎보기식물	겉흙이 말랐을때 흠뻑 주세요.	방에 두어도 괜찮아요	거실이나 테라스에 두면 좋아요.	산성, 중성, 알칼리 다 좋아요. 양질토(중립질 흙)나 모래, 건조한 토양이 좋아요.	온도는 16도에서 20도 사이를 유지해주세요. 겨울에는 최저 13도 위를 유지해주세요.		초보도 키우기 쉬워요.
마삭줄	Trachelospermum asiaticum	잎&꽃보기식물	겉흙이 말랐을때 흠뻑 주세요.	방에 두어도 괜찮아요	거실이나 테라스에 두면 좋아요.	산성, 중성, 알칼리 다 좋아요. 점토(작은 알갱이로 이루어진 흙)나 양질토(중립질 흙), 모래가 좋아요.	온도는 16도에서 20도 사이를 유지해주세요. 겨울에는 최저 0도 위를 유지해주세요.		초보도 키우기 쉬워요.
만년청	Rohdea japonica	잎보기식물	겉흙이 말랐을 때 흠뻑 주세요. 겨울에는 화분 흙이 말랐을때 흠뻑 주세요.	어두워도, 밝아도 좋아요	아무데나 두어도 괜찮아요.	배수가 잘 되는 흙이 좋아요. 모래, 경석, 하이드로볼이 좋아요.	온도는 21도에서 25도 사이를 유지해주세요. 겨울에는 최저 0도 위를 유지해주세요.		초보도 키우기 쉬워요.
만데빌라	Mandevilla sanderi	잎&꽃보기식물	겉흙이 말랐을 때 흠뻑 주세요. 겨울에는 화분 흙이 말랐을때 흠뻑 주세요.	방에 두어도 괜찮아요	거실이나 테라스에 두면 좋아요.	산성, 중성, 알칼리 다 좋아요.  양질토(중립질 흙), 모래,  건조한 흙이 좋아요.	온도는 16도에서 20도 사이를 유지해주세요. 겨울에는 최저 13도 위를 유지해주세요.		초보자에겐 어려울 수 있어요. 경험자용이에요.
멕시코소철	Zamia pumila	잎보기식물	겉흙이 말랐을 때 흠뻑 주세요. 겨울에는 화분 흙이 말랐을때 흠뻑 주세요.	방에 두어도 괜찮아요	거실이나 테라스에 두면 좋아요.	산성, 중성, 알칼리 다 좋아요. 양질토(중립질 흙), 모래가 좋아요.	온도는 21도에서 25도 사이를 유지해주세요. 겨울에는 최저 10도 위를 유지해주세요.		초보도 키우기 쉬워요.
멜라니 고무나무	Ficus elastica 'Robusta'	잎보기식물	겉흙이 말랐을때 흠뻑 주세요.	방에 두어도 괜찮아요	거실이나 테라스에 두면 좋아요.	산성, 중성, 알칼리 다 좋아요.  양질토(중립질 흙), 모래, 건조한 흙이 좋아요.	온도는 21도에서 25도 사이를 유지해주세요. 겨울에는 최저 13도 위를 유지해주세요.		초보자에겐 어려울 수 있어요. 경험자용이에요.
스킨답서스	Epipremnum aureum	잎보기식물	겉흙이 말랐을 때 흠뻑 주세요. 겨울에는 화분 흙이 말랐을때 흠뻑 주세요.	어두워도, 밝아도 좋아요	아무데나 두어도 괜찮아요.		온도는 21도에서 25도 사이를 유지해주세요. 겨울에는 최저 13도 위를 유지해주세요.		초보도 키우기 쉬워요.
스파티필룸	Spathiphyllum wallisii	잎&꽃보기식물	겉흙이 말랐을 때 흠뻑 주세요. 겨울에는 화분 흙이 말랐을때 흠뻑 주세요.	어두워도, 밝아도 좋아요	아무데나 두어도 괜찮아요.		온도는 21도에서 25도 사이를 유지해주세요. 겨울에는 최저 13도 위를 유지해주세요.		초보자에겐 어려울 수 있어요. 경험자용이에요.
스파티필룸 (광엽)	Spathiphyllum 'Clevelandii'	잎&꽃보기식물	겉흙이 말랐을 때 흠뻑 주세요. 겨울에는 화분 흙이 말랐을때 흠뻑 주세요.	어두워도, 밝아도 좋아요	아무데나 두어도 괜찮아요.		온도는 21도에서 25도 사이를 유지해주세요. 겨울에는 최저 13도 위를 유지해주세요.		초보도 키우기 쉬워요.
시서스	Cissus antarctica	잎보기식물	겉흙이 말랐을때 흠뻑 주세요.	방에 두어도 괜찮아요	거실이나 테라스에 두면 좋아요.	부식토가 좋아요.	온도는 21도에서 25도 사이를 유지해주세요. 겨울에는 최저 13도 위를 유지해주세요.		초보자에겐 어려울 수 있어요. 경험자용이에요.
시클라멘	Cyclamen persicum	잎&꽃보기식물	겉흙이 말랐을때 흠뻑 주세요.	방에 두어도 괜찮아요	거실이나 테라스에 두면 좋아요.		온도는 16도에서 20도 사이를 유지해주세요. 겨울에는 최저 7도 위를 유지해주세요.		신경써서 관리가 필요해요.
심비디움	Cymbidium spp.	잎&꽃보기식물	봄, 겨울 : 화분 흙이 말랐을 때 흠뻑 주세요.  여름, 가을 : 겉흙이 말랐을 때 흠뻑 주세요.	방에 두어도 괜찮아요	테라스에 두면 좋아요.		온도는 21도에서 25도 사이를 유지해주세요. 겨울에는 최저 10도 위를 유지해주세요.		신경써서 관리가 필요해요.
싱고니움	Syngonium podophyllum	잎보기식물	봄, 여름 : 흙을 촉촉하게 유지해주세요.(물에 잠기지 않도록 주의) 가을 : 겉흙이 말랐을때 흠뻑 주세요.  겨울: 화분 흙이 말랐을때 흠뻑 주세요.	방에 두어도 괜찮아요	거실이나 테라스에 두면 좋아요.		온도는 21도에서 25도 사이를 유지해주세요. 겨울에는 최저 10도 위를 유지해주세요.		초보자에겐 어려울 수 있어요. 경험자용이에요.
아글라오네마	Aglaonema commutatum	잎보기식물	겉흙이 말랐을 때 흠뻑 주세요. 겨울에는 화분 흙이 말랐을때 흠뻑 주세요.	어두워도, 밝아도 좋아요	아무데나 두어도 괜찮아요.		온도는 21도에서 25도 사이를 유지해주세요. 겨울에는 최저 13도 위를 유지해주세요.		초보자에겐 어려울 수 있어요. 경험자용이에요.
아데니움	Adenium obesum	잎&꽃보기식물	화분 흙이 말랐을 때 흠뻑 주세요.	빛이 잘 드는 곳이 좋아요.	거실이나 테라스에 두면 좋아요.	배수가 잘 되는 흙이 좋아요.	온도는 21도에서 25도 사이를 유지해주세요. 겨울에는 최저 13도 위를 유지해주세요.		초보자에겐 어려울 수 있어요. 경험자용이에요.
아디안텀	Adiantum raddianum	잎보기식물	겉흙이 말랐을 때 흠뻑 주세요. 겨울에는 화분 흙이 말랐을때 흠뻑 주세요.	방에 두어도 괜찮아요	거실이나 테라스에 두면 좋아요.		온도는 21도에서 25도 사이를 유지해주세요. 겨울에는 최저 13도 위를 유지해주세요.		초보자에겐 어려울 수 있어요. 경험자용이에요.
세이프릿지 야자	Chamaedorea seifrizii Burret	잎보기식물	겉흙이 말랐을때 흠뻑 주세요.	방에 두어도 괜찮아요	테라스에 두면 좋아요.		온도는 21도에서 25도 사이를 유지해주세요. 겨울에는 최저 13도 위를 유지해주세요.		초보자에겐 어려울 수 있어요. 경험자용이에요.
셀라기넬라	Selaginella	잎보기식물	흙을 촉촉하게 유지하세요.(물에 잠기지 않도록 주의)  겨울에는 겉흙이 말랐을때 흠뻑 주세요.	방에 두어도 괜찮아요	거실이나 테라스에 두면 좋아요.		온도는 21도에서 25도 사이를 유지해주세요. 겨울에는 최저 13도 위를 유지해주세요.		초보자에겐 어려울 수 있어요. 경험자용이에요.
소철	Cycas revoluta	잎보기식물	겉흙이 말랐을 때 흠뻑 주세요. 겨울에는 화분 흙이 말랐을때 흠뻑 주세요.	방에 두어도 괜찮아요	거실이나 테라스에 두면 좋아요.		온도는 21도에서 25도 사이를 유지해주세요. 겨울에는 최저 5도 위를 유지해주세요.		초보도 키우기 쉬워요.
소피아 고무나무	Ficus elastica 'Sofia'	잎보기식물	겉흙이 말랐을 때 흠뻑 주세요. 겨울에는 화분 흙이 말랐을때 흠뻑 주세요.	어두워도, 밝아도 좋아요	거실이나 테라스에 두면 좋아요.		온도는 크게 가리지 않아요.  겨울에는 최저 13도 위를 유지해주세요.		초보자에겐 어려울 수 있어요. 경험자용이에요.
솔레이롤리아	Soleirolia soleirolii	잎보기식물	화분 흙이 말랐을 때 흠뻑 주세요.	방에 두어도 괜찮아요	거실이나 테라스에 두면 좋아요.		온도는 16도에서 20도 사이를 유지해주세요. 겨울에는 최저 5도 위를 유지해주세요.		초보도 키우기 쉬워요.
수박페페로미아	Peperomia sandersii	잎보기식물	겉흙이 말랐을 때 흠뻑 주세요. 겨울에는 화분 흙이 말랐을때 흠뻑 주세요.	방에 두어도 괜찮아요	거실이나 테라스에 두면 좋아요.		온도는 21도에서 25도 사이를 유지해주세요. 겨울에는 최저 13도 위를 유지해주세요.		초보자에겐 어려울 수 있어요. 경험자용이에요.
수박필레아	Pilea cadierei	잎보기식물	겉흙이 말랐을 때 흠뻑 주세요. 겨울에는 화분 흙이 말랐을때 흠뻑 주세요.	방에 두어도 괜찮아요	거실이나 테라스에 두면 좋아요.		온도는 21도에서 25도 사이를 유지해주세요. 겨울에는 최저 13도 위를 유지해주세요.		신경써서 관리가 필요해요.
숙근이베리스	Iberis sempervirens	잎&꽃보기식물	겉흙이 말랐을 때 흠뻑 주세요. 겨울에는 화분 흙이 말랐을때 흠뻑 주세요.	빛이 잘 드는 곳이 좋아요.	거실이나 테라스에 두면 좋아요.		온도는 21도에서 25도 사이를 유지해주세요. 겨울에는 최저 10도 위를 유지해주세요.		초보자에겐 어려울 수 있어요. 경험자용이에요.
쉐플레라 '홍콩'	Schefflera arboricola	잎보기식물	겉흙이 말랐을 때 흠뻑 주세요. 겨울에는 화분 흙이 말랐을때 흠뻑 주세요.	어두워도, 밝아도 좋아요	아무데나 두어도 괜찮아요.		온도는 21도에서 25도 사이를 유지해주세요. 겨울에는 최저 7도 위를 유지해주세요.		초보도 키우기 쉬워요.
돈나무	Pittosporum tobira	잎&꽃보기식물	겉흙이 말랐을 때 흠뻑 주세요. 겨울에는 화분 흙이 말랐을때 흠뻑 주세요.	방에 두어도 괜찮아요	거실이나 테라스에 두면 좋아요.	화분용 영양토가 좋아요.	온도는 16도에서 20도 사이를 유지해주세요. 겨울에는 최저 0도 위를 유지해주세요.		초보도 키우기 쉬워요.
둥근잎 아랄리아	Polyscias balfouriana	잎보기식물	겉흙이 말랐을 때 흠뻑 주세요. 겨울에는 화분 흙이 말랐을때 흠뻑 주세요.	방에 두어도 괜찮아요	거실이나 테라스에 두면 좋아요.		온도는 21도에서 25도 사이를 유지해주세요. 겨울에는 최저 13도 위를 유지해주세요.		초보도 키우기 쉬워요.
듀란타	Duranta reptans	잎&꽃보기식물	겉흙이 말랐을 때 흠뻑 주세요. 겨울에는 화분 흙이 말랐을때 흠뻑 주세요.	빛이 잘 드는 곳이 좋아요.	거실이나 테라스에 두면 좋아요.	화분용 영양토가 좋아요.	온도는 21도에서 25도 사이를 유지해주세요. 겨울에는 최저 13도 위를 유지해주세요.		초보자에겐 어려울 수 있어요. 경험자용이에요.
드라세나  '송오브자마이카'	Dracaena reflexa 'Song of Jamaica'	잎보기식물	겉흙이 말랐을 때 흠뻑 주세요. 겨울에는 화분 흙이 말랐을때 흠뻑 주세요.	어두워도, 밝아도 좋아요	거실이나 테라스에 두면 좋아요.	물빠짐이 좋고 물을 잘 보존하는 흙이 좋아요.	온도는 16도에서 20도 사이를 유지해주세요. 겨울에는 최저 5도 위를 유지해주세요.		초보도 키우기 쉬워요.
드라세나  '와네끼'	Dracaena deremensis 'Warneckii'	잎보기식물	겉흙이 말랐을 때 흠뻑 주세요. 겨울에는 화분 흙이 말랐을때 흠뻑 주세요.	방에 두어도 괜찮아요	거실이나 테라스에 두면 좋아요.	화분용 영양토가 좋아요.	온도는 16도에서 20도 사이를 유지해주세요. 겨울에는 최저 13도 위를 유지해주세요.		초보도 키우기 쉬워요.
드라세나 '송오브인디아'	Dracaena reflexa 'Song of India'	잎보기식물	흙을 촉촉하게 유지하세요.(물에 잠기지 않도록 주의)  겨울에는 겉흙이 말랐을때 흠뻑 주세요.	어두워도, 밝아도 좋아요	거실이나 테라스에 두면 좋아요.	물빠짐이 좋고 물을 잘 보존하는 흙이 좋아요.	온도는 16도에서 20도 사이를 유지해주세요. 겨울에는 최저 5도 위를 유지해주세요.		초보도 키우기 쉬워요.
드라세나 '자바'	Dracaena angustifolia 'Java'	잎보기식물	겉흙이 말랐을 때 흠뻑 주세요. 겨울에는 화분 흙이 말랐을때 흠뻑 주세요.	방에 두어도 괜찮아요	거실이나 테라스에 두면 좋아요.		온도는 16도에서 20도 사이를 유지해주세요. 겨울에는 최저 13도 위를 유지해주세요.		초보자에겐 어려울 수 있어요. 경험자용이에요.
드라세나 '콤팩타'	Dracaena deremensis 'Virens Compacta'	잎보기식물	흙을 촉촉하게 유지하세요.(물에 잠기지 않도록 주의)  겨울에는 겉흙이 말랐을때 흠뻑 주세요.	어두워도, 밝아도 좋아요	아무데나 두어도 괜찮아요.	화분용 영양토가 좋아요.	온도는 16도에서 20도 사이를 유지해주세요. 겨울에는 최저 13도 위를 유지해주세요.		초보도 키우기 쉬워요.
드라세나 '트리컬러 레인보우'	Dracaena concinna 'Tricolor Rainbow'	잎보기식물	흙을 촉촉하게 유지하세요.(물에 잠기지 않도록 주의)  겨울에는 겉흙이 말랐을때 흠뻑 주세요.	방에 두어도 괜찮아요	거실이나 테라스에 두면 좋아요.		온도는 16도에서 20도 사이를 유지해주세요. 겨울에는 최저 13도 위를 유지해주세요.		초보도 키우기 쉬워요.
비젯티접란	Chlorophytum bichetii	잎보기식물	겉흙이 말랐을 때 흠뻑 주세요. 겨울에는 화분 흙이 말랐을때 흠뻑 주세요.	어두워도, 밝아도 좋아요	거실이나 테라스에 두면 좋아요.		온도는 21도에서 25도 사이를 유지해주세요. 겨울에는 최저 10도 위를 유지해주세요.		초보도 키우기 쉬워요.
비타툼접란	Chlorophytum comosum var. vittatum	잎보기식물	겉흙이 말랐을 때 흠뻑 주세요. 겨울에는 화분 흙이 말랐을때 흠뻑 주세요.	어두워도, 밝아도 좋아요	거실이나 테라스에 두면 좋아요.		온도는 21도에서 25도 사이를 유지해주세요. 겨울에는 최저 7도 위를 유지해주세요.		초보도 키우기 쉬워요.
산세베리아	Sansevieria trifasciata	잎보기식물	겉흙이 말랐을 때 흠뻑 주세요. 겨울에는 화분 흙이 말랐을때 흠뻑 주세요.	어두워도, 밝아도 좋아요	아무데나 두어도 괜찮아요.		온도는 21도에서 25도 사이를 유지해주세요. 겨울에는 최저 13도 위를 유지해주세요.		초보도 키우기 쉬워요.
산세베리아 '골든 하니'	Sansevieria trifasciata ‘Golden Hahnii’	잎보기식물	겉흙이 말랐을 때 흠뻑 주세요. 겨울에는 화분 흙이 말랐을때 흠뻑 주세요.	어두워도, 밝아도 좋아요	아무데나 두어도 괜찮아요.		온도는 21도에서 25도 사이를 유지해주세요. 겨울에는 최저 13도 위를 유지해주세요.		초보도 키우기 쉬워요.
산호수	Ardisia pusilla	잎&꽃보기식물	겉흙이 말랐을 때 흠뻑 주세요. 겨울에는 화분 흙이 말랐을때 흠뻑 주세요.	어두워도, 밝아도 좋아요	거실이나 테라스에 두면 좋아요.		온도는 21도에서 25도 사이를 유지해주세요. 겨울에는 최저 5도 위를 유지해주세요.		초보도 키우기 쉬워요.
삼색데코라고무나무	Decora elastica 'Decora Tricolor'	잎보기식물	겉흙이 말랐을 때 흠뻑 주세요. 겨울에는 화분 흙이 말랐을때 흠뻑 주세요.	방에 두어도 괜찮아요	거실이나 테라스에 두면 좋아요.		온도는 21도에서 25도 사이를 유지해주세요. 겨울에는 최저 13도 위를 유지해주세요.		초보도 키우기 쉬워요.
상록넉줄고사리 '후마타'	Humata tyermannii (Davallia griffithiana)	잎보기식물	흙을 촉촉하게 유지하세요.(물에 잠기지 않도록 주의)  겨울에는 겉흙이 말랐을때 흠뻑 주세요.	어두워도, 밝아도 좋아요	아무데나 두어도 괜찮아요.	배수가 잘되는 흙이 좋아요.	온도는 16도에서 20도 사이를 유지해주세요. 겨울에는 최저 5도 위를 유지해주세요.		초보도 키우기 쉬워요.
새우란	Calanthe discolor spp.	꽃보기식물	겉흙이 말랐을 때 흠뻑 주세요. 겨울에는 화분 흙이 말랐을때 흠뻑 주세요.	방에 두어도 괜찮아요	테라스에 두면 좋아요.		온도는 21도에서 25도 사이를 유지해주세요. 겨울에는 최저 7도 위를 유지해주세요.		초보자에겐 어려울 수 있어요. 경험자용이에요.
석창포	Acorus gramineus	잎보기식물	흙을 촉촉하게 유지하세요.(물에 잠기지 않도록 주의)  겨울에는 겉흙이 말랐을때 흠뻑 주세요.	방에 두어도 괜찮아요	거실이나 테라스에 두면 좋아요.		온도는 16도에서 20도 사이를 유지해주세요. 겨울에는 최저 0도 위를 유지해주세요.		초보도 키우기 쉬워요.
세네시오 라디칸스	Senecio radicans	잎보기식물	겉흙이 말랐을때 흠뻑 주세요.	방에 두어도 괜찮아요	거실이나 테라스에 두면 좋아요.		온도는 21도에서 25도 사이를 유지해주세요. 겨울에는 최저 13도 위를 유지해주세요.		초보도 키우기 쉬워요.
왜란	Ophiopogon japonicus	잎보기식물	겉흙이 말랐을 때 흠뻑 주세요. 겨울에는 화분 흙이 말랐을때 흠뻑 주세요.	방에 두어도 괜찮아요	거실이나 테라스에 두면 좋아요.		온도는 10도에서 15도 사이를 유지해주세요. 겨울에는 최저 0도 위를 유지해주세요.		초보도 키우기 쉬워요.
왜성종려죽	Rhapis multifida	잎보기식물	겉흙이 말랐을 때 흠뻑 주세요. 겨울에는 화분 흙이 말랐을때 흠뻑 주세요.	방에 두어도 괜찮아요	거실이나 테라스에 두면 좋아요.	중성,산성,알칼리 다 좋아요. 배수가 잘 되는 양질토, 모래가 좋아요.	온도는 16도에서 20도 사이를 유지해주세요. 겨울에는 최저 7도 위를 유지해주세요.		초보자에겐 어려울 수 있어요. 경험자용이에요.
움벨라타 고무나무	Ficus umbellata	잎보기식물		방에 두어도 괜찮아요	거실이나 테라스에 두면 좋아요.		온도는 21도에서 25도 사이를 유지해주세요. 겨울에는 최저 13도 위를 유지해주세요.		초보자에겐 어려울 수 있어요. 경험자용이에요.
유카	Yucca	잎보기식물	겉흙이 말랐을 때 흠뻑 주세요. 겨울에는 화분 흙이 말랐을때 흠뻑 주세요.	방에 두어도 괜찮아요	거실이나 테라스에 두면 좋아요.		온도는 21도에서 25도 사이를 유지해주세요. 겨울에는 최저 5도 위를 유지해주세요.		초보도 키우기 쉬워요.
은사철나무	Euonymus japonica 'Albomarginata'	잎보기식물	겉흙이 말랐을때 흠뻑 주세요.	방에 두어도 괜찮아요	테라스에 두면 좋아요.		온도는 16도에서 20도 사이를 유지해주세요. 겨울에는 최저 0도 위를 유지해주세요.		초보도 키우기 쉬워요.
익소라	Ixora chinensis	잎&꽃보기식물	흙을 촉촉하게 유지하세요.(물에 잠기지 않도록 주의)  겨울에는 겉흙이 말랐을때 흠뻑 주세요.	방에 두어도 괜찮아요	거실이나 테라스에 두면 좋아요.		온도는 21도에서 25도 사이를 유지해주세요. 겨울에는 최저 13도 위를 유지해주세요.		초보자에겐 어려울 수 있어요. 경험자용이에요.
인삼벤자민	Ficus microcarpa 'Ginseng'	잎보기식물	겉흙이 말랐을 때 흠뻑 주세요. 겨울에는 화분 흙이 말랐을때 흠뻑 주세요.	방에 두어도 괜찮아요	거실이나 테라스에 두면 좋아요.		온도는 21도에서 25도 사이를 유지해주세요. 겨울에는 최저 13도 위를 유지해주세요.		초보자에겐 어려울 수 있어요. 경험자용이에요.
자금우	Ardisia japonica	잎&꽃보기식물	겉흙이 말랐을 때 흠뻑 주세요. 겨울에는 화분 흙이 말랐을때 흠뻑 주세요.	어두워도, 밝아도 좋아요	아무데나 두어도 괜찮아요.		온도는 16도에서 20도 사이를 유지해주세요. 겨울에는 최저 0도 위를 유지해주세요.		초보도 키우기 쉬워요.
자란	Bletilla striata	잎&꽃보기식물	봄, 겨울 : 화분 흙이 말랐을 때 흠뻑 주세요.  여름, 가을 : 겉흙이 말랐을 때 흠뻑 주세요.	방에 두어도 괜찮아요	테라스에 두면 좋아요.		온도는 16도에서 20도 사이를 유지해주세요. 겨울에는 최저 5도 위를 유지해주세요.		초보도 키우기 쉬워요.
자주색만년초	Rhoeo discolor	잎보기식물	겉흙이 말랐을 때 흠뻑 주세요. 겨울에는 화분 흙이 말랐을때 흠뻑 주세요.	방에 두어도 괜찮아요	거실이나 테라스에 두면 좋아요.		온도는 21도에서 25도 사이를 유지해주세요. 겨울에는 최저 7도 위를 유지해주세요.		초보자에겐 어려울 수 있어요. 경험자용이에요.
백화등	Trachelospermum asiaticum var. majus	잎&꽃보기식물	흙을 촉촉하게 유지하세요.(물에 잠기지 않도록 주의)  겨울에는 겉흙이 말랐을때 흠뻑 주세요.	방에 두어도 괜찮아요	거실이나 테라스에 두면 좋아요.		온도는 16도에서 20도 사이를 유지해주세요. 겨울에는 최저 0도 위를 유지해주세요.		초보자에겐 어려울 수 있어요. 경험자용이에요.
벤자민고무나무	Ficus benjamina	잎보기식물	겉흙이 말랐을때 흠뻑 주세요.	방에 두어도 괜찮아요	거실이나 테라스에 두면 좋아요.		온도는 21도에서 25도 사이를 유지해주세요. 겨울에는 최저 13도 위를 유지해주세요.		초보도 키우기 쉬워요.
벤자민고무나무 '킹'	Ficus benjamina 'King'	잎보기식물	겉흙이 말랐을때 흠뻑 주세요.	어두워도, 밝아도 좋아요	거실이나 테라스에 두면 좋아요.		온도는 21도에서 25도 사이를 유지해주세요. 겨울에는 최저 13도 위를 유지해주세요.		신경써서 관리가 필요해요.
벵갈고무나무	Ficus benghalensis	잎보기식물	겉흙이 말랐을때 흠뻑 주세요.	방에 두어도 괜찮아요	거실이나 테라스에 두면 좋아요.		온도는 21도에서 25도 사이를 유지해주세요. 겨울에는 최저 13도 위를 유지해주세요.		초보도 키우기 쉬워요.
병솔나무	Callistemon spp.	잎&꽃보기식물	겉흙이 말랐을 때 흠뻑 주세요. 겨울에는 화분 흙이 말랐을때 흠뻑 주세요.	빛이 잘 드는 곳이 좋아요.	거실이나 테라스에 두면 좋아요.		온도는 21도에서 25도 사이를 유지해주세요. 겨울에는 최저 7도 위를 유지해주세요.		초보자에겐 어려울 수 있어요. 경험자용이에요.
보스톤고사리	Nephrolepis exaltata 'Bostoniensis'	잎보기식물	흙을 촉촉하게 유지하세요.(물에 잠기지 않도록 주의)  겨울에는 겉흙이 말랐을때 흠뻑 주세요.	방에 두어도 괜찮아요	거실이나 테라스에 두면 좋아요.		온도는 16도에서 20도 사이를 유지해주세요. 겨울에는 최저 13도 위를 유지해주세요.		초보도 키우기 쉬워요.
봉의꼬리	Pteris multifida	잎보기식물	흙을 촉촉하게 유지하세요.(물에 잠기지 않도록 주의)  겨울에는 겉흙이 말랐을때 흠뻑 주세요.	방에 두어도 괜찮아요	거실이나 테라스에 두면 좋아요.		온도는 16도에서 20도 사이를 유지해주세요. 겨울에는 최저 5도 위를 유지해주세요.		초보도 키우기 쉬워요.
부겐빌레아	Bougainvillea glabra	잎&꽃보기식물	흙을 촉촉하게 유지하세요.(물에 잠기지 않도록 주의)	방에 두어도 괜찮아요	거실이나 테라스에 두면 좋아요.		온도는 21도에서 25도 사이를 유지해주세요. 겨울에는 최저 13도 위를 유지해주세요.		초보도 키우기 쉬워요.
브룬펠시아	Brunfelsia australis Bench	잎&꽃보기식물	겉흙이 말랐을 때 흠뻑 주세요. 겨울에는 화분 흙이 말랐을때 흠뻑 주세요.	방에 두어도 괜찮아요	거실이나 테라스에 두면 좋아요.		온도는 21도에서 25도 사이를 유지해주세요. 겨울에는 최저 10도 위를 유지해주세요.		초보도 키우기 쉬워요.
브리세아	Vriesea	잎&꽃보기식물	흙을 촉촉하게 유지하세요.(물에 잠기지 않도록 주의)  겨울에는 겉흙이 말랐을때 흠뻑 주세요.	방에 두어도 괜찮아요	거실이나 테라스에 두면 좋아요.		온도는 21도에서 25도 사이를 유지해주세요. 겨울에는 최저 13도 위를 유지해주세요.		초보도 키우기 쉬워요.
디모르포세카	Dimorphotheca ecklonis		겉흙이 마르면 흠뻑 주세요 (과습에 주의하세요.)	빛이 잘 드는 곳이 좋아요.		배수가 좋은 흙이 좋아요.  굵은 모래나 펄라이트를 섞어 주면 좋아요.	온도는 16도에서 20도 사이를 유지해주세요. 한여름이나 장마철에는 환기에 신경 써주세요.		
백리향	Thymus quinquecostatus		겉흙이 마르면 흠뻑 주세요 (과습에 주의하세요.)	빛이 잘 드는 곳이 좋아요. 조금 들어도 견디긴 해요.		배수가 좋은 사질토가 좋아요.	온도는 크게 가리지 않아요.  추위에 잘 견뎌요.		
금잔화	pot marigold		겉흙이 마르면 흠뻑 주세요 (과습에 주의하세요.)	빛이 조금 들어도 좋지만 잘 들어야 꽃이 피어요.		흙은 크게 가리지 않아요.	서늘한 온도를 좋아해요.  고온에는 약해요.		
구문초 로즈 제라늄	Rose geranium		겉흙이 마르면 흠뻑 주세요 (과습에 주의하세요.)	빛이 잘 드는 곳이 좋아요. 조금 들어도 견디긴 해요.		배수가 잘되는 기름진 흙이 좋아요.	온도는 16도에서 20도 사이를 유지해주세요. 겨울에는 최저 5도 위를 유지해주세요.		
바질 트리	Basil Tree		겉흙이 마르면 흠뻑 주세요 (물이 마르지 않게 주의하세요.)	빛이 잘 드는 곳이 좋아요.		물을 잘 보존하는 흙이 좋아요.	온도는 15도에서 25도 사이를 유지해주세요. 추위에 매우 약해요. 		
박하	Korea Mint		겉흙이 마르면 흠뻑 주세요 (과습에 주의하세요.)	빛이 조금 드는 곳이나 조금 그늘이 있어도 괜찮아요.  강한 직사광선은 피해주세요.		배수가 잘되고 비옥한 흙이 좋아요.			
체리세이지	Cherry sage		겉흙이 마르면 흠뻑 주세요 (건조에 약해요.)	빛이 잘 드는 곳이 좋아요.		배수가 잘되고 건조한 흙이 좋아요.	추위에 잘 견뎌요.  고온다습에는 약해요.		
애플민트	Applemint		겉흙이 마르면 흠뻑 주세요 (과습에 주의하세요.)	빛이 잘 드는 곳이 좋아요. 조금 들어도 견디긴 해요.			온도는 15도에서 20도 사이를 유지해주세요.		
장미허브	vicks plant		흙이 마르면 2~3일 후에 흠뻑 주세요.  통풍에 신경 써주세요.						
레몬밤	Lemonbalm			빛이 잘 드는 곳이 좋아요. 조금 들어도 견디긴 해요.		배수가 잘되고 비옥한 흙이 좋아요. 			
알리 고무나무	Ficus alii		겉흙이 약간 마르면 흠뻑 주세요.  촉촉한 편이 좋아요.	빛이 잘 드는 곳이 좋아요. 조금 들어도 견디긴 해요. 강한 직사광선은 피해주세요.		배수가 잘되고 물을 잘 머금는 흙이 좋아요.	온도는 16도에서 24도 사이를 유지해주세요.		
베고니아 마큘라타	Begonia maculata		겉흙이 마르면 흠뻑 주세요.  촉촉한 편이 좋아요.  물이 고이게 해두면 좋아요.	빛이 조금 드는 곳도 괜찮아요. 가끔 직사광선은 괜찮아요.		배수가 잘 되고 물을 잘 머금는 흙이 좋아요.	온도는 10도에서 30도 사이를 유지해주세요.  낮에는 20도, 밤에는 15도 정도가 좋아요.		
필로덴드론 글로리오섬	Philodendron gloriosum		겉흙이 마르면 흠뻑 주세요.  촉촉한 편이 좋아요.	빛이 조금 드는 곳도 괜찮아요. 강한 직사광선은 피해주세요.		배수가 잘 되고 물을 잘 머금는 흙이 좋아요.	온도는 13도에서 27도 사이를 유지해주세요. 겨울에는 실내에서 관리해주세요.		
페튜니아	Petunia		겉흙이 마르면 흠뻑 주세요.  꽃에 물이 닿으면 시들어요.	빛이 잘 드는 곳이 좋아요.		약산성이 좋아요.  배수가 잘 되는 기름진 흙이 좋아요.	온도는 20도에서 25도 사이를 유지해주세요  추위에 약해서 온도 관리가 필요해요.		
안스리움	Anthurium		겉흙이 마르면 흠뻑 주세요. 겨울에는 수돗물이나 찬물을 바로 주지 마세요.	빛이 조금 드는 곳도 괜찮아요. 강한 직사광선은 피해주세요.		배수가 잘 되고, 피트모스와 펄라이트를 기초로 한 흙이 좋아요.	온도는 18도에서 24도 사이를 유지해주세요.		
에덴로소	Eden rosso		겉흙이 마르면 흠뻑 주세요.	빛이 조금 드는 곳이나 조금 그늘이 있어도 괜찮아요.  강한 직사광선은 피해주세요.		배수가 잘되는 흙이 좋아요.	온도는 18도에서 25도 사이를 유지해주세요. 겨울에도 따뜻하게 유지해주세요.		
산세베리아 문샤인	Moonshine		속흙이 완전히 마르면 흠뻑 주세요. (과습에 주의하세요.)	빛이 조금 드는 곳이나 그늘도 괜찮아요.		배수와 통풍이 잘 되는 흙이 좋아요.  굵은 모래를 많이 섞어주거나 전용 분갈이 흙을 이용하세요.	온도는 18도에서 27도 사이를 유지해주세요. 겨울에는 최저 13도 위를 유지해주세요.		
멕시코 소철	Zamia furfuracea		겉흙이 마르면 충분히 주세요. 일반 소철보다는 물을 좋아해요.	조금 그늘진 곳이 좋아요.		물이 잘 빠지는 흙이 좋아요.	21~25°C. 겨울 최저 10°C 이상이 좋아요.		
버베나	Garden verbena		겉흙이 마르면 충분히 주세요.	햇빛이 잘 드는 곳이 좋아요.		물이 잘 빠지는 흙이 좋아요.	10~25°C. 서늘한 것을 좋아해요.		
청하국무늬종	blue daisy bush		겉흙이 완전히 마르면 충분히 주세요.	햇빛이 잘 드는 곳이 좋아요.		물이 잘 빠지고 바람이 잘 통하는 흙이 좋아요.	15~25°C. 겨울 -5°C 정도가 좋아요.		
운간초	Saxifraga		겉흙이 마르면 충분히 주세요.	햇빛이 잘 드는 곳이 좋아요.		물이 잘 빠지고 바람이 잘 통하는 흙이 좋아요.	-10~30°C. 정도가 좋아요.		
매발톱꽃	Aquilegia		겉흙이 마르면 충분히 주세요.	햇빛이 잘 드는 곳이 좋아요.		물이 잘 빠지는 흙이 좋아요.	10~18°C. 정도가 좋아요. 어느정도 추위를 겪어야 꽃을 많이 볼 수 있어요. 더위에는 약한 편이에요.		
당근	Carrot		겉흙이 마르면 충분히 주세요.	햇빛이 잘 드는 곳이 좋아요.		물이 잘 빠지는 흙이 좋아요.	18~21°C. 서늘한 것을 좋아하고 고온에 약해요.		
거베라	Gerbera daisy		겉흙이 약간 마른 듯하면 충분히 주세요. 촉촉한 편이 좋아요.	햇빛이 잘 드는 곳이 좋아요.		일반적인 배양토에 심어주세요.	15~25°C. 겨울에는 11°C 이상이 좋아요.		
금어초	Snapdragon		겉흙이 마르면 충분히 주세요.	햇빛이 잘 드는 곳이 좋아요. 한여름 직사광선은 피해주세요.		물이 잘 빠지는 흙이 좋아요.	17~25°C. 정도가 좋아요.		
칼란디바	Calandiva		너무 습한건 싫어해요	햇빛이 조금 드는 곳이 좋아요.		물이 잘 빠지는 흙이 좋아요.	20~25°C.겨울 10°C 이상이 좋아요.		
임파첸스	Impatiens		겉흙이 마르면 충분히 주세요. 너무 습한건 싫어해요.	햇빛이 조금 드는 곳이 좋아요.		물이 잘 빠지는 흙이 좋아요.	20~25°C. 고온에는 약해요.		
나팔꽃	Morning glory		겉흙이 마르면 충분히 주세요.	햇빛이 잘 드는 곳이 좋아요.		물이 잘 빠지는 흙이 좋아요.	25~30°C. 정도가 좋아요.		
과꽃	China Aster		겉흙이 마르면 충분히 주세요. 너무 습한건 싫어해요.	햇빛이 잘 드는 곳이 좋아요.		물이 잘 빠지는 흙이 좋아요.	20~25°C. 정도가 좋아요.		
깔라만시	Calamansi		겉흙이 마르면 충분히 주세요.	햇빛이 잘 드는 곳이 좋아요.		물이 잘 빠지는 흙이 좋아요.	겨울에도 15°C 이상이 좋아요.		
솔체	Scabiosa		겉흙이 마르면 충분히 주세요. 너무 습한건 싫어해요.	햇빛이 조금 드는 곳이 좋아요.		물이 잘 빠지는 흙이 좋아요.	15~25°C. 정도가 좋아요.		
패랭이	Rainbow pink		겉흙이 마르면 충분히 주세요. 너무 습한건 싫어해요.	햇빛이 잘 드는 곳이 좋아요.		물이 잘 빠지는 흙이 좋아요.	16~30°C. 정도가 좋아요.		
스트로빌란테스 디에리아누스	Strobilanthes dyeriana		겉흙이 마르면 충분히 주세요. 촉촉한 것은 좋지만 너무 습한건 싫어해요.	햇빛이 잘 드는 곳이 좋아요.		물이 잘 빠지는 흙이 좋아요.	15~25°C. 겨울최저 10°C 이상이 좋아요.		
콩선인장녹영 방울선인장	StringofPearls		겉흙이 마르고 며칠 후에 물을 주세요. 한여름과 겨울에는 물을 더 줄여주세요.	햇빛이 잘 드는 곳이 좋아요.		물이 잘 빠지는 흙이 좋아요.	20~25°C. 겨울 5°C 이상이면 견디지만 12°C 이상이 좋기 때문에 가을 무렵 실내로 옮겨주세요.		
시서스 엘렌다니카	Oakleaf ivy		겉흙이 마르면 충분히 주세요. 촉촉한 것을 좋아해요.	햇빛이 조금 드는 곳이 좋아요.		일반적인 배양토에 심어주세요. 물에서 기르는 수경재배도 가능해요.	18~24°C. 정도가 좋아요.		
석곡	Dendrobium Moniliforme		심어 놓은 재료가 마르면 물을 주세요. 너무 습한건 싫어해요.	햇빛이 조금 드는 곳이 좋아요.		수태를 이용해 바람이 잘 통하는 화분에 심어주세요.	겨울 최저 5°C. 정도가 좋아요. 약간의 추의를 겪어야 꽃눈이 생겨요.		
파피오페딜룸	Paphiopedilum		심어 놓은 재료가 마르면 물을 주세요. 습한 환경을 좋아해요.	햇빛이 잘 드는 곳이 좋아요.		난 전용 흙에 심어주세요.	낮 18~24°C, 밤 13~16°C. 정도가 좋아요. 품종에 따라 다르기 때문에 확인 해주세요.		
크리소카디움	Chrysocardium		심어 놓은 재료가 마르면 물을 주세요. 너무 습한건 싫어해요.	햇빛이 조금 드는 곳이 좋아요.		물이 잘 빠지고 바람이 잘 통하는 흙이 좋아요.	열대 정글 기후를 좋아해요. 겨울에는 실내로 들여주세요.		
틸란드시아 불보사	Tillandsia Bulbosa		일주일에 2~3회 물을 뿌리거나 물에 담구어 주세요.	햇빛이 조금 드는 곳이 좋아요.			겨울 12°C 이상이 좋아요.		
립살리스	Rhipsalis		심어 놓은 재료가 마르면 충분히 주세요.	햇빛이 잘 드는 곳이 좋아요.		물이 잘 빠지는 흙이 좋아요.	15~25°C. 최저 2°C. 이상이 좋아요.		
긴기아난	Kingianum		심어 놓은 재료가 마르면 충분히 주세요. 늦가을부터 초겨울까지 물을 한달에 한두번으로 줄여 주세요. 비료도 주지 않고 저온(5°C이상)으로 약 한달간 관리해주세요. 그럼 이후 40~50일 후에 꽃을 볼 수 있어요. 덴드로비움 품종에 따라 관리법이 조금씩 달라요.	햇빛이 조금 드는 곳이 좋아요.		물이 잘 빠지고 바람이 잘 통하는 흙이 좋아요.	낮 16~24°C. 밤 13~18°C. 정도가 좋아요.		
심비디움심비듐	Cymbidium		생장기에는 촉촉하게 유지해주세요. 겨울에는 물을 줄여주세요.	햇빛이 잘 드는 곳이 좋아요. 여름에는 직사광선을 피해주세요.		물이 잘 빠지고 바람이 잘 통하는 흙이 좋아요.	15~25°C. 12°C이상이 좋아요.		
구즈마니아 체리	Guzmania Cherry		겉흙이 마르면 충분히 주세요. 습한 환경을 좋아해요.	햇빛이 잘 드는 곳이 좋아요.		물이 잘 빠지는 흙이 좋아요.	겨울 최저 5°C. 이상이 좋아요.		
호마로메나	Homalomena		촉촉하게 관리해주세요.	조금 그늘진 곳이 좋아요.		물이 잘 빠지는 흙이 좋아요.	16~32°C. 겨울 4°C 이상이 좋아요.		
블루 스타	Blue Star		겉흙이 마르면 충분히 주세요. 습한 환경을 좋아해요.	조금 그늘진 곳이 좋아요.		물이 잘 빠지는 흙이 좋아요.	상온을 좋아해요.		
이베리스이메리스	Iberis		겉흙이 마르면 충분히 주세요.	햇빛이 잘 드는 곳이 좋아요.		물이 잘 빠지는 흙이 좋아요.	15~25°C. 겨울엔 5°C. 정도가 좋아요.		
얼룩 에크메아에크메아 파시아타	Aechmea fasciata		겉흙이 마르면 충분히 주세요. 가운데 물이 고인 곳은 자주 갈아주세요.	햇빛이 조금 드는 곳이 좋아요.		물이 아주 잘 빠지는 흙이 좋아요.	20 ~ 25°C. 겨울 13°C 이상이 좋아요. 추위에 약해요.		
장미베고니아	Elatior begonia		속흙이 마르면 충분히 주세요. 건조한 환경을 좋아해요.	햇빛이 조금 드는 곳이 좋아요.		물이 잘 빠지는 흙이 좋아요.	20 ~ 25°C. 겨울 13°C 이상이 좋아요. 추위에 약해요.		
블루버드	boulevard		겉흙이 마르면 충분히 주세요.	햇빛이 조금 드는 곳이 좋아요.		물이 잘 빠지는 흙이 좋아요.	15~25°C. 정도가 좋아요. 야외 월동이 가능할 정도로 추위에 강해요.		
맥문동	Lily turf		겉흙이 마르면 충분히 주세요.	햇빛이 조금 드는 곳이 좋아요.		물이 잘 빠지는 흙이 좋아요. 물에서 기르는 수경재배도 가능해요.	16~24°C. 정도가 좋아요. 추위에 강해서 -30°C에도 견딜 수 있어요.		
은방울꽃	Lily of the valley		겉흙이 마르면 충분히 주세요.	햇빛이 조금 드는 곳이 좋아요.		물이 잘 빠지는 흙이 좋아요.	16~30°C. 정도가 좋아요. 온도가 높으면 휴면해요.		
휘커스 움베르타	Ficus umbellate		겉흙이 마르면 충분히 주세요. 습한 환경을 좋아해요.	햇빛이 조금 드는 곳이 좋아요.		물이 잘 빠지는 흙이 좋아요.	21~25°C. 겨울 최저 13°C. 이상이 좋아요. 겨울에는 실내로 들여주세요.		
트리안	Maidenhair vine		겉흙이 마르면 충분히 주세요. 습한 환경을 좋아해요. 겨울에는 물을 줄여주세요.	햇빛이 잘 드는 곳이 좋아요.		물이 잘 빠지는 흙이 좋아요. 물에서 기르는 수경재배도 가능해요.	겨울 최저 0°C. 이상이 좋아요.		
푸미라	Ficus pumila		겉흙이 마르면 충분히 주세요. 습한 환경을 좋아해요.	햇빛이 조금 드는 곳이 좋아요.		물이 잘 빠지는 흙이 좋아요.	16~27°C.  겨울 8°C 이상이 좋아요.		
더피 고사리	Lemon Button Fern		겉흙이 마르면 충분히 주세요. 습한 환경을 좋아해요.	조금 그늘진 곳이 좋아요.		물이 잘 빠지는 흙이 좋아요.	16~20°C. 겨울 최저 13°C가 좋아요.		
풍란	Neofinetia falcata		심어 놓은 재료가 마르면 충분히 주세요.	햇빛이 잘 드는 곳이 좋아요.		바람이 잘 통하는 흙이 좋아요. 수태를 섞어주면 좋아요.	20~25°C. 겨울 최저 5°C. 이상이 좋아요.		
쿠션 부쉬	Cushion Bush		겉흙이 마르면 이틀 후에 주세요. 너무 습한 환경은 싫어해요.	햇빛이 잘 드는 곳이 좋아요.		물이 잘 빠지는 흙이 좋아요.	10~25°C. 정도가 좋아요.		
애스토니 뮬렌베키아	Astonii Muehlenbeckia		겉흙이 마르면 충분히 주세요.	햇빛이 조금 드는 곳이 좋아요.		물이 잘 빠지는 흙이 좋아요.	15 ~ 25°C. 겨울 최저 5°C. 이상이 좋아요.		
올리브	Olive		겉흙이 마르면 충분히 주세요.	햇빛이 잘 드는 곳이 좋아요.		물이 잘 빠지는 흙이 좋아요.	겨울 -10°C 까지 견딘다. 남부지방에서는 노지재배도 가능하다.		
백일홍	Common Zinnia		속흙이 마르면 충분히 주세요.	햇빛이 잘 드는 곳이 좋아요.		아무 흙에서나 잘 자라요.	15~25°C. 정도가 좋아요.		
유주 나무	fortunella japonica var margarita		겉흙이 마르면 충분히 주세요. 겨울에는 물을 줄여주세요.	햇빛이 잘 드는 곳이 좋아요.		물이 잘 빠지는 흙이 좋아요. 산성 토양을 좋아해요.	18~23°C. 겨울 최저 -2°C. 이상이 좋아요.		
아메리칸 블루	Blue Daze		겉흙이 마르면 충분히 주세요.	햇빛이 조금 드는 곳이 좋아요.		물이 잘 빠지는 흙이 좋아요.	추위에 약해요. 겨울에도 10°C 이상으로 유지해주세요.		
세덤	Sedum		속흙이 마르면 충분히 주세요. 잎의 상태를 보고도 알 수 있어요.	햇빛이 잘 드는 곳이 좋아요. 강한 직사광선은 피해주세요.		물이 잘 빠지는 흙이 좋아요.	겨울 최저 5°C. 이상이 좋아요.		
크루시아	Clusia		겉흙이 마르면 충분히 주세요. 건조한 환경을 좋아해요.	햇빛이 조금 드는 곳이 좋아요.		물이 잘 빠지는 흙이 좋아요.	15°C 정도가 좋아요. 겨울최저 10°C 이상으로 유지해주세요.		
필레아 페페로미오이데스	Pilea peperomioides		겉흙이 마르면 충분히 주세요.	햇빛이 조금 드는 곳이 좋아요.		물이 잘 빠지는 흙이 좋아요.	15°C 내외가 좋아요. 최저 10°C이상으로 유지해주세요.		
레몬	Lemon		겉흙이 마르면 충분히 주세요.	햇빛이 잘 드는 곳이 좋아요.		아무 흙에서나 잘 자라요.	13~21°C. 정도가 좋아요.		
바니테일	Bunny tail		겉흙이 마르면 충분히 주세요. 물을 좋아해요.	햇빛이 잘 드는 곳이 좋아요.		물이 잘 빠지는 흙이 좋아요.	20°C 정도가 좋아요. 추위에는 강한편이에요.		
카풋 메두사	Caput medusae		2주에 한번 물에 담구어 주세요. 그리고 통풍에 유의해 잘 말려주세요.	햇빛이 조금 드는 곳이 좋아요.		흙에 심지 않고 매달아서 관리해주세요.	15 ~ 35℃. 10℃ 이상이 좋아요.		
칼라카라	Calla		겉흙이 마르면 충분히 주세요. 색이 있는 카라는 건조하게 키우는 편이에요.	햇빛이 잘 드는 곳이 좋아요.		물이 잘 빠지고 바람이 잘 통하는 흙이 좋아요.	10~20°C 정도가 좋아요.		
일일초	Vinca rosea Catharanthus roseus		겉흙이 마르면 충분히 주세요.	햇빛이 잘 드는 곳이 좋아요.		물이 잘 빠지고 기름진 흙이 좋아요.	10~28°C. 정도가 좋아요.		
블루베리	Blueberry			햇빛이 잘 드는 곳이 좋아요.		산성 토양을 좋아해요.	20~26°C. 정도가 좋아요. 4°C 이하를 약 2개월 정도 겪어야 꽃이 나요.		
염좌염자 화월	Jade plant		속흙이 마르면 충분히 주세요.	햇빛이 잘 드는 곳이 좋아요.		물이 잘 빠지는 흙이 좋아요.	15~35°C. 정도가 좋아요. 겨울에도 5°C 이상으로 유지해주세요.		
게발선인장	Christmas cactus		겉흙이 마르면 충분히 주세요. 너무 건조한 환경은 싫어해요.	햇빛이 조금 드는 곳이 좋아요.		배수와 통기성이 좋은 토양.	18~22°C. 정도가 좋아요. 겨울에도 5°C 이상으로 유지해주세요.		
백합	Lily		겉흙이 마르면 충분히 주세요. 너무 습한 환경은 싫어해요.	햇빛이 잘 드는 곳이 좋아요.		물이 잘 빠지는 흙이 좋아요.	-5°C 이상으로 유지해주세요. 추위에 잘 견뎌요.		
금전수 자미오쿨카스 돈나무	ZZ Plant		속흙이 마르면 충분히 주세요.	조금 그늘진 곳이 좋아요.		물이 잘 빠지는 흙이 좋아요.	18~24°C. 정도가 좋아요. 겨울에도 15°C 이상으로 유지해주세요.		
서향나무천리향	Daphne koreana		겉흙이 마르면 충분히 주세요. 잎이 처지는 느낌이 들면 충분히 주세요.	햇빛이 조금 드는 곳이 좋아요.		물이 잘 빠지는 흙이 좋아요.	15~25°C. 정도가 좋아요. 겨울에도 -5°C 정도로 유지해주세요. 겨울엔 어느정도 추위를 겪는게 좋아요.		
피토니아휘토니아	Fittonia		겉흙이 마르면 충분히 주세요.	조금 그늘진 곳이 좋아요.		물이 잘 빠지는 흙이 좋아요.	21~25℃. 정도가 좋아요. 겨울에도 13°C 이상으로 유지해주세요.		
애니시다양골담초	Scotch Broom		겉흙이 마르면 충분히 주세요.	햇빛이 잘 드는 곳이 좋아요.		물이 잘 빠지는 흙이 좋아요.	12~20°C. 정도가 좋아요. 겨울에도 5°C 이상으로 유지해주세요.		
필로덴드론 셀륨혹은 셀렘 셀로움	Lacy tree philodendron		겉흙이 마르면 충분히 주세요. 촉촉하게 유지해주는 것이 좋지만 너무 습한 환경은 싫어해요.	조금 그늘진 곳이 좋아요.		일반 배양토가 좋아요. 물에서 기르는 수경재배도 가능해요.	16~21°C. 정도가 좋아요. 겨울에도 13°C 이상으로 유지해주세요.		
아글라오네마 사진 뒤쪽은 디펜바키아	Aglaonema		촉촉하게 유지해주세요.	조금 그늘진 곳이 좋아요.		일반적인 배양토. 수태에도 키울 수 있다.	16~21°C. 정도가 좋아요. 겨울에도 13°C 이상으로 유지해주세요.		
용설란 아가베	Agave americana		물은 조금만 주세요. 겨울에는 더 줄여주세요.	햇빛이 잘 드는 곳이 좋아요.		물이 잘 빠지는 흙이 좋아요.	22~28°C. 정도가 좋아요. 겨울에도 8°C 이상으로 유지해주세요.		
마가렛 작은 분홍 꽃은 물망초	Marguerite		겉흙이 마르면 충분히 주세요. 꽃이 피면 물이 마르지 않도록 주의해주세요.	햇빛이 조금 드는 곳이 좋아요.		물이 잘 빠지는 비옥한 사질 토양이 좋아요.	15~23°C. 정도가 좋아요. 겨울엔 0°C정도가 좋아요.		
티루칼리 파티오라금 산호금	Pencil Cactus		건조한 환경을 좋아해요.	햇빛이 잘 드는 곳이 좋아요.		다육 식물 전용 흙에 심어주세요.	25~37°C. 정도가 좋아요.		
비비추무늬 비비추	Hosta longipes		겉흙이 마르면 충분히 주세요. 겨울에는 물을 주지 않아야 해요.	햇빛이 조금 드는 곳이 좋아요.		비옥한 사질 토양이 좋아요.	16~30°C. 정도가 좋아요. 겨울엔 추위에 지상부가 죽지만 다시 살아나요.		
개양귀비꽃양귀비 포피	Common poppy		겉흙이 마르면 충분히 주세요.	햇빛이 잘 드는 곳이 좋아요.		물이 잘 빠지는 비옥한 사질 토양이 좋아요.			
캄파뉼라캄파눌라	Campanula		겉흙이 마르면 충분히 주세요.	햇빛이 잘 드는 곳이 좋아요.		물이 잘 빠지고 비옥한 흙이 좋아요.	15~21°C 정도가 좋아요. 겨울에도 0°C 이상으로 유지해주세요.		
스파티필럼	Peace lily		겉흙이 마르면 충분히 주세요. 너무 습한 환경은 싫어해요.	조금 그늘진 곳이 좋아요.		물에서 기르는 수경재배가 가능해요.	18~25°C. 정도가 좋아요. 겨울에도 최저 15°C 이상으로 유지해주세요.		
프리지어	Freesia		겉흙이 마르면 충분히 주세요.	햇빛이 조금 드는 곳이 좋아요.		물이 잘 빠지는 흙이 좋아요. 굵은 모래를 적당히 석어주세요.	13~16°C. 정도가 좋아요. 25°C 이상에서 잎이 마르고 휴면해요. 겨울에도 2°C 이상으로 유지해주세요.		
칼라데아 인시그니스	Rattlesnake Plant		겉흙이 마르면 충분히 주세요.	조금 그늘진 곳이 좋아요.		수태에 심어 매달아 주세요.	16~25°C. 정도가 좋아요. 겨울에도 13°C 이상으로 유지해주세요.		
데이지	Daisy		겉흙이 마르면 충분히 준다. 통풍이 잘되는 곳에서는 물마르지 않는지 잘 확인한다.	햇빛이 잘 드는 곳이 좋아요.		아무 흙에서나 잘 자라요.	13~15°C. 정도가 좋아요. 25°C 이상에선 시들어요. 추위에는 강해요.		
종이꽃	chamomile sunray		겉흙이 마르면 충분히 주세요. 꽃에는 물이 닿지 않게 해주세요. 건조한 환경을 좋아해요.			물이 잘 빠지는 비옥한 사질 토양이 좋아요.			
히아신스	Hyacinth		겉흙이 마르면 충분히 주세요. 너무 습한 환경은 싫어해요.	햇빛이 잘 드는 곳이 좋아요.		물이 잘 빠지는 흙이 좋아요. 굵은 모래를 적당히 석어주세요. 물에서 기르는 수경재배도 가능해요.	10~23°C. 정도가 좋아요. 겨울에도 5°C 이상으로 유지해주세요.		
아네모네	Anemone		성장 초기에는 건조한 환경을 좋아해요. 이후엔 겉흙이 마르면 충분히 주세요.				20~25°C. 정도가 좋아요. 잎이 난 후에 10°C 내외로 유지해줘야 꽃눈이 만들어져요.		
호접란팔레놉시스	Moth orchid		식재의 겉이 마르면 이틀 후에 충분히 주세요.	햇빛이 조금 드는 곳이 좋아요.			상온을 좋아해요.		
해피트리	Heteropanax fragrans								
홍콩 야자	Dwarf umbrella tree		겉흙이 마르면 충분히 주세요.						
용신목	bilberry cactus whortleberry cactus or blue candle								
워터코인	Dollar WeedMarsh Pennywort								
골드크레스트 윌마	Goldcrest Wilma          Greek Basil Tree		겉흙이 마르면 충분히 주세요. 너무 습한 환경은 싫어해요.	햇빛이 잘 드는 곳이 좋아요.			10~20°C 정도가 좋아요. 겨울에도 5°C 이상으로 유지해주세요.		
청옥			한 달에 두 번, 전체적으로 흠뻑 뿌려주세요.	햇빛이 잘 드는 곳이 좋아요.	발코니 창측까지 둘 수 있어요.		5°C 정도가 좋아요.	여름 생장형이에요. 겨울엔 휴면해요.	
세덤'라울'			한 달에 두 번, 전체적으로 흠뻑 뿌려주세요.	햇빛이 잘 드는 곳이 좋아요.	발고니 안쪽에 둘 수 있어요.		5°C 정도가 좋아요.	여름 생장형이에요. 겨울엔 휴면해요.	
세덤'리틀잼'				햇빛이 잘 드는 곳이 좋아요.	발코니 창측까지 둘 수 있어요.		3~5°C 정도가 좋아요.	여름 생장형이에요. 겨울엔 휴면해요.	
환엽송록			한 달에 두 번, 전체적으로 흠뻑 뿌려주세요.	햇빛이 잘 드는 곳이 좋아요.	발코니 창측까지 둘 수 있어요.		5°C 정도가 좋아요.	여름 생장형이에요. 겨울엔 휴면해요.	
황금세덤			한 달에 두 번, 흙이 젖도록 흠뻑 뿌려주세요.	햇빛이 잘 드는 곳이 좋아요.	발코니 창측까지 둘 수 있어요.		5°C 정도가 좋아요.	여름 생장형이에요. 겨울엔 휴면해요.	
옥주염				조금 그늘진 곳이 좋아요.	발고니 안쪽에 둘 수 있어요.		5°C 정도가 좋아요.	여름 생장형이에요. 겨울엔 휴면해요.	
을녀심			겉흙이 마르면 충분히 주세요. 너무 습한 환경은 싫어해요.	햇빛이 잘 드는 곳이 좋아요.			5°C 정도가 좋아요.	여름 생장형이에요. 겨울엔 휴면해요.	
홍옥			건조한 환경을 좋아해요. 물은 가끔만 주세요.	햇빛이 잘 드는 곳이 좋아요.			5°C 정도가 좋아요.	여름 생장형이에요. 겨울엔 휴면해요.	
세데베리아‘레티지아’			여름 장마철과 추운 겨울에는 물을 줄여주세요	충분한 햇빛이 필요해요. 여름철에는 반 그늘 에서 키워주세요.	발코니 창 측까지 이용 가능해요.		5°C 정도가 좋아요.	봄~가을에 성장해요. 여름에 자라고 겨울에 휴면해요.	초보자도 키울 수 있어요.
세데베리아‘팡파레’			한 달에 두 번 정도 흠뻑 물을 주세요	직사광선으로 오는 충분한 햇빛이 필요해요.	발코니 창 측까지 이용 가능해요.		5°C 정도가 좋아요.	봄~가을에 성장해요. 여름에 자라고 겨울에 휴면해요.	약간은 돌봐줘야 해요.
바위솔			2주에 한 번 정도 흠뻑 물을 주세요	햇빛이 부족하면 연약하게 자라므로 충분한 햇빛을 비춰주세요. 	발코니 창 측까지 이용 가능해요. 발코니 내측에서는 꽃대가 약하게자라서 지탱하지 못하고 쓰러져요.		0°C 정도가 좋아요.	봄~가을에 성장해요. 여름에 자라고 겨울에 휴면해요.	관리가 필요해요.
천장금			여름과 겨울동안은 잎을적셔 주는 정도의 수분이면충분해요. 이외 성장기엔 규칙적으로 물을 주세요	하루 4시간 정도 강한 광선이나 반 그늘에 두세요. 직사광선을 좋아하나 많이 쬐면 성장이 더뎌요	발코니 창 측까지 이용 가능해요. 형태를 그대로 유지		10~15 °C 정도가 좋아요.	가을~봄에 성장해요. 겨울에 자라고 여름에 휴면해요.	초보자도 키울 수 있어요.
핑크세도이데스			한 달에 두 번 정도 흠뻑 물을 주세요	no_data	발코니 내 측까지 이용 가능해요.		5°C 정도가 좋아요.	no_data	관리가 필요해요.
에케베리아‘제이드포인트’			봄과 여름에는 충분히 물을 주고 겨울에는 거의 건조하게 관리하고 물빠짐이 좋게 해주세요.	밝은 빛이 필요해요 	발코니 창 측까지 이용 가능해요.		0°C 정도가 좋아요.	봄~가을에 성장해요. 여름에 자라고 겨울에 휴면해요.	약간은 돌봐줘야 해요.
에케베리아‘레이디스핑거’			한 달에 두 번 정도 흠뻑 물을 주세요	밝은 빛이 필요해요 	발코니 창 측까지 이용 가능해요.		5°C 정도가 좋아요.	봄~가을에 성장해요. 여름에 자라고 겨울에 휴면해요.	약간은 돌봐줘야 해요.
에케베리아‘크리스마스’			한 달에 두 번 정도 흠뻑 전면으로 물을 주세요 	밝은 빛이 필요해요. 그러나 여름철에는 약간의 차광이 필요 해요.	발코니 창 측까지 이용 가능해요.		3°C 정도가 좋아요.	봄~가을에 성장해요. 여름에 자라고 겨울에 휴면해요.	관리가 필요해요.
에케베리아‘치와와린제’			한 달에 두 번 정도 흠뻑 전면으로 물을 주세요. 여름 장마철과 겨울에는 물을 줄여주세요.	햇빛과 통풍이 잘되는 곳에서 키워주세요. 강한 빛을 볼 수록 더 짱짱하게 자라요.	발코니 내 측까지 이용 가능해요.		0°C 정도가 좋아요.	봄~가을에 성장해요. 여름에 자라고 겨울에 휴면해요.	약간은 돌봐줘야 해요.
홍화장			한 달에 두 번 정도 흠뻑 전면으로 물을 주세요	햇빛과 통풍이 잘되는 곳에서 키워주세요. 약하게 자라지 않기 위해 강한 햇빛이 필요해요.	발코니 창 측까지 이용 가능해요.		5°C 정도가 좋아요.	봄~가을에 성장해요. 여름에 자라고 겨울에 휴면해요.	약간은 돌봐줘야 해요.
에케베리아‘펀퀸’			한 달에 두 번 정도 흠뻑 전면으로 물을 주세요	햇빛과 통풍이 좋은 곳에서 키워주세요. 강한 빛을 받을수록 더 잘 자라요	발코니 내 측까지 이용 가능해요.		3°C 정도가 좋아요.	봄~가을에 성장해요. 여름에 자라고 겨울에 휴면해요.	약간은 돌봐줘야 해요.
정야			한 달에 두 번 정도 흠뻑 물을 주세요. 여름 장마철에 과습하지 않게 관리 해 주세요.	충분한 빛이 필요해요.	발코니 내 측까지 이용 가능해요.		3°C 정도가 좋아요.	가을~봄에 성장해요. 겨울에 자라고 여름에 휴면해요.	약간은 돌봐줘야 해요.
에케베리아‘도리스테일러’			한 달에 두 번 정도 흠뻑 전면으로 물을 주세요. 건조하지 않게 관리 해 주세요.	약간의 직사광선이나 밝은 그늘이 좋아요.	발코니 창 측까지 이용 가능해요.		0°C 정도가 좋아요.	봄~가을에 성장해요. 여름에 자라고 겨울에 휴면해요.	약간은 돌봐줘야 해요.
에케베리아‘라즈베리아이스’			한 달에 두 번 정도 흠뻑 전면으로 물을 주세요	강한 빛을 받을수록 잎에 물이 잘 들고 잘 자라요. 여름철에는 반나절정도 그늘에서 관리 해 주세요.	발코니 창 측까지 이용 가능해요.		5°C 정도가 좋아요.	봄~가을에 성장해요. 여름에 자라고 겨울에 휴면해요.	약간은 돌봐줘야 해요.
부용			2주에 한 번 정도 흙이 마르면 흠뻑 물을 주세요	강한 빛을 받을수록 잎에 물이 잘 들고 잘 자라요. 여름철에는 반나절정도 그늘에서 관리 해 주세요.	발코니 내 측까지 이용 가능해요.		5°C 정도가 좋아요.	봄~가을에 성장해요. 여름에 자라고 겨울에 휴면해요.	관리가 필요해요.
에케베리아‘미니벨’			한 달에 두 번 정도 흠뻑 전면으로 물을 주세요	약하게 자라지 않기 위해 강한 빛이 필요해요.	발코니 창 측까지 이용 가능해요.		5°C 정도가 좋아요.	봄~가을에 성장해요. 여름에 자라고 겨울에 휴면해요.	초보자도 키울 수 있어요.
먼로			한 달에 두 번 정도 흠뻑 전면으로 물을 주세요. 건조하게 키워야하고, 특히 겨울철에는 더욱 건조하게 키워 주세요.	강한 빛이 필요해요	발코니 창 측까지 이용 가능해요.		5°C 정도가 좋아요.	봄~가을에 성장해요. 여름에 자라고 겨울에 휴면해요.	초보자도 키울 수 있어요.
에케베리아‘라임앤칠리’			한 달에 두 번 정도 흠뻑 전면으로 물을 주세요. 건조하게 키워야하고, 특히 겨울철에는 더욱 건조하게 키워 주세요.	충분한 양의 빛이 필요해요.	발코니 창 측까지 이용 가능해요.		5°C 정도가 좋아요.	봄~가을에 성장해요. 여름에 자라고 겨울에 휴면해요.	약간은 돌봐줘야 해요.
몰라코			한 달에 두 번 정도 흠뻑 전면으로 물을 주세요. 건조하게 키워야하고, 특히 겨울철에는 더욱 건조하게 키워 주세요.	충분한 양의 빛이 필요해요.	발코니 창 측까지 이용 가능해요.		5°C 정도가 좋아요.	봄~가을에 성장해요. 여름에 자라고 겨울에 휴면해요.	약간은 돌봐줘야 해요.
홍매화			한 달에 두 번 정도 흠뻑 전면으로 물을 주세요. 건조하게 키워야하고, 특히 겨울철에는 더욱 건조하게 키워 주세요.	강한 빛이 필요해요	발코니 창 측까지 이용 가능해요.		5°C 정도가 좋아요.	봄~가을에 성장해요. 여름에 자라고 겨울에 휴면해요.	약간은 돌봐줘야 해요.
샤비홍			한 달에 두 번 정도 흠뻑 전면으로 물을 주세요. 여름 장마철과 겨울에는 물을 줄여주세요.	하루 4~5시간 이상 빛을 쬐 주세요	발코니 창 측까지 이용 가능해요.		5°C 정도가 좋아요.	봄~가을에 성장해요. 여름에 자라고 겨울에 휴면해요.	약간은 돌봐줘야 해요.
양로			봄~여름에는 수분을 충분히 공급 해 주세요. 겨울에는 물을 주지 않아요.	양지, 반음지, 강한 직사광선을 피해주세요.	no_data		5°C 정도가 좋아요.	봄~가을에 성장해요. 여름에 자라고 겨울에 휴면해요.	관리가 필요해요.
라일락			한 달에 두 번 충분히 물을 주세요.	일광이 부족 할 경우 잎이 빛을 받기 위해 도장하여 휘어지므로 주의 해 주세요.	발코니 창 측까지 이용 가능해요.		5°C 정도가 좋아요.	봄~가을에 성장해요. 여름에 자라고 겨울에 휴면해요.	약간은 돌봐줘야 해요.
금황성			봄과 여름에는 충분히 물을 주고 겨울철에는 물의 양을 줄여주세요. 배수가 잘되야 해요.	반그늘이나 양지바른 곳에서 키워주세요.	발코니 창 측까지 이용 가능해요.		5°C 정도가 좋아요.	봄~가을에 성장해요. 여름에 자라고 겨울에 휴면해요.	약간은 돌봐줘야 해요.
에케베리아 푸미라			봄과 여름에는 충분히 물을 주고 겨울철에는 물의 양을 줄여주세요. 배수가 잘되야 해요.	강한 광을 좋아하고, 강한 햇빛을 받을수록 더 짱짱하게 자라요	발코니 창 측까지 이용 가능해요.		0°C 정도가 좋아요.	봄~가을에 성장해요. 여름에 자라고 겨울에 휴면해요.	약간은 돌봐줘야 해요.
대화금			한 달에 두 번 정도 흠뻑 전면으로 물을 주세요. 여름 장마철과 겨울에는 절수 해 주세요.	반 그늘에서 키워주세요.	발코니 창 측까지 이용 가능해요.		5°C 정도가 좋아요.	봄~가을에 성장해요. 여름에 자라고 겨울에 휴면해요.	관리가 필요해요.
에케베리아‘톱시터비’			봄과 여름에는 충분히 물을 주고 겨울철에는 물의 양을 줄여주세요. 배수가 잘되야 해요.	햇빛과 통풍이 잘되는 곳에서 키워주세요. 강한 햇빛을 받을 수록 더 튼실해져요. 	발코니 창 측까지 이용 가능해요.		5°C 정도가 좋아요.	봄~가을에 성장해요. 여름에 자라고 겨울에 휴면해요.	관리가 필요해요.
에케베리아‘글라우카’			매우 건조하게 관리 해 주세요. 건조하게 키우지 않으면 마디가 부러지는 습성이 있어요. 휴면기에는 절수 해 주세요.	직사광선과 강한 햇빛을 봐야 약하게 자라지 않아요.	발코니 창 측까지 이용 가능해요.		3~7°C 정도가 좋아요.	가을~봄에 성장해요. 겨울에 자라고 여름에 휴면해요.	관리가 필요해요.
구미리			건조하게 관리 해 주세요.	양지와 반 음지에서 키워주세요.	발코니 내 측까지 이용 가능해요.		0°C 정도가 좋아요.	봄~가을에 성장해요. 여름에 자라고 겨울에 휴면해요.	초보자도 키울 수 있어요.
조몽			더위에 약하므로 여름철에는 적게 물을 주세요.	no_data	발코니 창 측까지 이용 가능해요.		5°C 정도가 좋아요.	봄~가을에 성장해요. 여름에 자라고 겨울에 휴면해요.	약간은 돌봐줘야 해요.
에케베리아‘릴리시아나’			한 달에 두 번 정도 흠뻑 전면으로 물을 주세요. 여름 장마철과 겨울에는 물을 줄여주세요.	햇빛과 통풍이 잘되는 곳에서 키워주세요. 강한 햇빛을 받을 수록 더 튼실해져요. 	발코니 내 측까지 이용 가능해요.		0°C 정도가 좋아요.	봄~가을에 성장해요. 여름에 자라고 겨울에 휴면해요.	약간은 돌봐줘야 해요.
환엽홍사			봄과 여름에는 충분히 물을 주고 겨울철에는 물의 양을 줄여주세요. 배수가 잘되야 해요.	햇빛과 통풍이 잘되는 곳에서 키워주세요.	발코니 창 측까지 이용 가능해요.		5°C 정도가 좋아요.	봄~가을에 성장해요. 여름에 자라고 겨울에 휴면해요.	약간은 돌봐줘야 해요.
에케베리아‘데저스스타’			봄과 여름에는 충분히 물을 주고 겨울철에는 물의 양을 줄여주세요. 배수가 잘되야 해요.	햇빛과 통풍이 잘되는 곳에서 키워주세요.	발코니 창 측까지 이용 가능해요.		0°C 정도가 좋아요.	봄~가을에 성장해요. 여름에 자라고 겨울에 휴면해요.	관리가 필요해요.
에케베리아 톨루센시스			봄과 여름에는 충분히 물을 주고 겨울철에는 물의 양을 줄여주세요. 배수가 잘되야 해요.	햇빛과 통풍이 잘되는 곳에서 키워주세요.	발코니 내 측까지 이용 가능해요.		0°C 정도가 좋아요.	봄~가을에 성장해요. 여름에 자라고 겨울에 휴면해요.	관리가 필요해요.
에케베리아‘미니캐슬’			봄과 여름에는 충분히 물을 주고 겨울철에는 물의 양을 줄여주세요. 배수가 잘되야 해요.	햇빛과 통풍이 잘되는 곳에서 키워주세요.	no_data		0°C 정도가 좋아요.	봄~가을에 성장해요. 여름에 자라고 겨울에 휴면해요.	약간은 돌봐줘야 해요.
에케베리아‘블루에뜨’			봄과 여름에는 충분히 물을 주고 겨울철에는 물의 양을 줄여주세요. 배수가 잘되야 해요.	밝은 그늘에서 키워주세요.	no_data		0°C 정도가 좋아요.	봄~가을에 성장해요. 여름에 자라고 겨울에 휴면해요.	관리가 필요해요.
에케베리아‘탱고’			봄과 여름에는 충분히 물을 주고 겨울철에는 물의 양을 줄이거나 절수 해 주세요.	햇빛과 통풍이 잘되는 곳에서 키워주세요.	발코니 창 측까지 이용 가능해요.		0°C 정도가 좋아요.	봄~가을에 성장해요. 여름에 자라고 겨울에 휴면해요.	약간은 돌봐줘야 해요.
연봉			성장기에는 한 달에 2회정도 물을 주세요. 휴면기와 겨울철에는 한 달에 1회 겉흙이 젖을 정도로만 물을 주세요. 여름 장마철에는 절수 해 주세요.	직사광선을 피함 하고 하루4~5시간 이상의 빛이 필요해요	발코니 내 측까지 이용 가능해요.		0°C 정도가 좋아요.	봄~가을에 성장해요. 여름에 자라고 겨울에 휴면해요.	관리가 필요해요.
백모단			한 달에 두 번 정도 흠뻑 전면으로 물을 주세요. 여름 장마철과 겨울에는 절수 해 주세요.	직사광선을 피함 하고 하루4~5시간 이상의 빛이 필요해요	발코니 창 측까지 이용 가능해요.		0°C 정도가 좋아요.	봄~가을에 성장해요. 여름에 자라고 겨울에 휴면해요.	약간은 돌봐줘야 해요.
그랍토베리아‘데비’			보통 2주 주기로 전면으로 물을 주고 여름 장마철과 겨울에는 절수 해 주세요.	직사광선을 피함 하고 하루4~5시간 이상의 빛이 필요해요	발코니 창 측까지 이용 가능해요.		5°C 정도가 좋아요.	봄~가을에 성장해요. 여름에 자라고 겨울에 휴면해요.	약간은 돌봐줘야 해요.
그랍토베리아‘실버스타’			한 달에 두 번 정도 흠뻑 전면으로 물을 주세요. 여름 장마철과 겨울에는 절수 해 주세요.	no_data	발코니 내 측까지 이용 가능해요.		0°C 정도가 좋아요.	봄~가을에 성장해요. 여름에 자라고 겨울에 휴면해요.	약간은 돌봐줘야 해요.
흑괴리			한 달에 두 번 정도 흠뻑 전면으로 물을 주세요. 여름 장마철과 겨울에는 절수 해 주세요.	no_data	발코니 창 측까지 이용 가능해요.		0°C 정도가 좋아요.	봄~가을에 성장해요. 여름에 자라고 겨울에 휴면해요.	약간은 돌봐줘야 해요.
그랍토베리아‘퍼플드림’			한 달에 두 번 정도 흠뻑 전면으로 물을 주세요. 여름 장마철과 겨울에는 절수 해 주세요.	강한 햇빛에서 관리해 주세요. 햇빛이 부족하면 잎간격이 길어지고 잎모양이 성글어져요.	발코니 창 측까지 이용 가능해요.		0°C 정도가 좋아요.	봄~가을에 성장해요. 여름에 자라고 겨울에 휴면해요.	약간은 돌봐줘야 해요.
그랍토페탈룸멘도자			약 한 달 주기로 물을 주세요. 겨울철에는 잎에 주름이 생기면 물을 주세요.	충분한 빛이 필요해요.	발코니 창 측까지 이용 가능해요.		0°C 정도가 좋아요.	봄~가을에 성장해요. 여름에 자라고 겨울에 휴면해요.	약간은 돌봐줘야 해요.
홍용월			한 달에 두 번 정도 전체적으로 흠뻑 물을 주세요.	밝은 그늘에서 키워주세요. 	no_data		0°C 정도가 좋아요.	봄~가을에 성장해요. 여름에 자라고 겨울에 휴면해요.	약간은 돌봐줘야 해요.
흑법사(黑法師)			분 흙이 완전히 건조해졌을 때 흠뻑 물을 주세요.	양지나 반 그늘에서 키워주세요. 채색을 변화시키려면 많은 빛을 쬐어줘야 해요. 	발코니 내 측까지 이용 가능해요.		-2°C 정도가 좋아요.	가을~봄에 성장해요. 겨울에 자라요.	초보자도 키울 수 있어요.
유접곡			완전히 건조해 졌을 때 충분히 물을 주세요.	충분한 광을 받아야 약하게 자라지 않고 잎의 무늬가 선명해 져요.	발코니 내 측까지 이용 가능해요.		-7°C 정도가 좋아요.	가을~봄에 성장해요. 겨울에 자라고 여름에 휴면해요.	약간은 돌봐줘야 해요.
소인제			완전히 건조해 졌을 때 충분히 물을 주세요.	충분한 광을 받아야 약하게 자라지 않고 잎의 무늬가 선명해 져요.	발코니 내 측까지 이용 가능해요.		0°C 정도가 좋아요.	봄~가을에 성장해요. 여름에 자라고 겨울에 휴면해요.	약간은 돌봐줘야 해요.
캐시미어바이올렛			휴면기인 여름에는 물을 주지 마세요.	no_data	발코니 창 측까지 이용 가능해요.		-7°C 정도가 좋아요.	가을~봄에 성장해요. 겨울에 자라요.	관리가 필요해요.
당인			분 흙이 완전히 마르면 흠뻑 물을 주세요.	간접광에서도 생육 가능하지만 많은 양의 직접광이 필요해요.	발코니 내 측까지 이용 가능해요.		-2°C 정도가 좋아요.	봄~가을에 성장해요. 겨울에 휴면해요.	약간은 돌봐줘야 해요.
월토이			한 달에 두 번 정도 흠뻑 물을 주세요.	충분한 햇빛을 요구해요. 	발코니 창 측까지 이용 가능해요.		5°C 정도가 좋아요.	봄~가을에 성장해요. 겨울에 휴면해요.	관리가 필요해요.
웅동자			화분 위 흙만 젖도록 물을 주세요.	강한 광선은 잎끝을 빨간색으로 변색시킬 수 있어요. 반 그늘에서도 문제없이 자라요. 한 여름 고온의 직사광선은 피해주세요.	발코니 내 측까지 이용 가능해요.		-1°C 정도가 좋아요.	봄~가을에 성장해요. 여름에 자라고 겨울에 휴면해요.	초보자도 키울 수 있어요.
백미인			한 달에 두 번 가량 흠뻑 물을 주세요.	충분한 햇빛이 필요해요. 	발코니 창 측까지 이용 가능해요.		5~10°C 정도가 좋아요.	봄~가을에 성장해요. 여름에 자라요.	초보자도 키울 수 있어요.
복랑			1~2주에 한 번 흠뻑 물을 주세요. 여름, 겨울철에는 물주기 회수를 줄여 주세요.	직사광선을 피해주세요.	발코니 창 측까지 이용 가능해요.		5~10°C 정도가 좋아요.	봄~가을에 성장해요. 여름에 자라요.	약간은 돌봐줘야 해요.
화제			잎이 쭈글거릴때 듬뿍 물을 주세요. 건조하게 키워야 잎색이 선명해지고, 물을 많이 주면 잎이 초록색이 되어요	실외나 햇빛이 잘 드는 실내에서 키워주세요.	발코니 창 측까지 이용 가능해요.		5~10°C 정도가 좋아요.	봄~가을에 성장해요. 여름에 자라고 겨울에 휴면해요.	관리가 필요해요.
적귀성			건조하게 관리 해 주세요. 잎에 주름이 생기기 시작할 때 물을 주세요.	충분한 햇빛이 필요해요. 	발코니 창 측까지 이용 가능해요.		5~10°C 정도가 좋아요.	봄~가을에 성장해요. 여름에 자라고 겨울에 휴면해요.	약간은 돌봐줘야 해요.
크라슐라‘부다템플’			겉흙이 완전히 마를 때 물을 주세요. 여름철에는 가급적 건조하게 관리 해 주세요.	직광은 피하고, 밝은 빛이 필요해요.	발코니 내 측까지 이용 가능해요.		5~10°C 정도가 좋아요.	가을~봄에 성장해요. 겨울에 자라고 여름에 휴면해요.	관리가 필요해요.
크라슐라‘다비드’			겉흙이 완전히 마를 때 물을 주세요. 여름철에는 가급적 건조하게 관리 해 주세요.	직광은 피하고, 밝은 빛이 필요해요.	발코니 창 측까지 이용 가능해요.		5~10°C 정도가 좋아요.	가을~봄에 성장해요. 겨울에 자라고 여름에 휴면해요.	관리가 필요해요.
백로			겉흙이 완전히 마를 때 물을 주세요. 여름철에는 가급적 건조하게 관리 해 주세요.	충분한 햇빛이 필요해요. 한 여름에는 직사광선을 피해주세요.	발코니 창 측까지 이용 가능해요.		5~10°C 정도가 좋아요.	가을~봄에 성장해요. 겨울에 자라고 여름에 휴면해요.	약간은 돌봐줘야 해요.
은전			분 흙이 말랐을 때 흠뻑 물을 주세요.	직사광선을 피해주세요.	발코니 내 측까지 이용 가능해요.		0°C 정도가 좋아요.	가을~봄에 성장해요. 겨울에 자라고 여름에 휴면해요.	관리가 필요해요.
기천			장마철에는 일주일 전부터 물을 주지 마세요. 겨울철에는 물을 거의 주지 마세요.	한 여름의 강한 직사광선보다는 통풍이 잘되는 밝은 그늘이 좋아요.	발코니 내 측까지 이용 가능해요.		5°C 정도가 좋아요.	가을~봄에 성장해요. 겨울에 자라고 여름에 휴면해요.	약간은 돌봐줘야 해요.
애성			한 달에 두 번 정도 흠뻑 물을 주세요. 여름철에 물을 주지 마세요.	충분한 햇빛이 필요해요. 	발코니 창 측까지 이용 가능해요.		5~10°C 정도가 좋아요.	가을~봄에 성장해요. 겨울에 자라고 여름에 휴면해요.	관리가 필요해요.
염자			성장이 일시적으로 멈추는 한 여름에는 물을 너무 많이 주면 뿌리가 쉽게썩어요.	밝은 빛이나 직사광선에서 잘 자라요.	발코니 내 측까지 이용 가능해요.		3°C 정도가 좋아요.	가을~봄에 성장해요. 겨울에 자라고 여름에 휴면해요.	관리가 필요해요.
남십자성			한 달에 두 번 가량 분의 흙이 흠뻑 젖도록 물을 주세요.	충분한광을 받아야 잎간격이 촘촘하게 자라요. 직사광선과 강한 햇빛에 강해요.	발코니 창 측까지 이용 가능해요.		4~7°C 정도가 좋아요.	가을~봄에 성장해요. 겨울에 자라고 여름에 휴면해요.	약간은 돌봐줘야 해요.
십자성			한 달에 두 번 가량 분의 흙이 흠뻑 젖도록 물을 주세요.	약하게 자라지 않기 위해 충분한 빛이 필요해요. 한 여름 직사광선은 피해주세요.	발코니 창 측까지 이용 가능해요.		5°C 정도가 좋아요.	가을~봄에 성장해요. 겨울에 자라고 여름에 휴면해요.	약간은 돌봐줘야 해요.
우주목			한 달에 두 번 정도 흠뻑 물을 주세요. 여름 장마철과 겨울에는 단수 해 주세요.	직사광선을 피해주세요.	발코니 내 측까지 이용 가능해요.		5°C 정도가 좋아요.	가을~봄에 성장해요. 겨울에 자라고 여름에 휴면해요.	약간은 돌봐줘야 해요.
무을녀			한 달에 두 번 정도 흠뻑 전면에 물을 주세요.	직사광선과 같이 충분한 햇빛 필요해요.	발코니 창 측까지 이용 가능해요.		10°C 정도가 좋아요.	가을~봄에 성장해요. 겨울에 자라고 여름에 휴면해요.	약간은 돌봐줘야 해요.
신화월			줄기와잎에 수분을 저장하고있기 때문에 심한 건조도 견뎌낼 수 있어요. 분 흙의 표면이 말라도 바로 물을줄 필요는 없어요. 생장이 일시적으로 멈추는 한 여름에는 물을 너무 많이 주면 뿌리가 쉽게 썩어요	밝은 빛이나 직사광선에서 잘 자라요.	발코니 내 측까지 이용 가능해요.		5°C 정도가 좋아요.	여름형(3~7월), 겨울형(9~1월)에 잘 자라요.	약간은 돌봐줘야 해요.
군작			여름철, 겉흙이 말랐을 때 흠뻑 물을 주세요. 겨울철에는 분 흙이 완전히 말랐을 때 촉촉하게 해 주세요. 5°C이하의 저온과30°C이상의 고온 휴면기에는 물을 주지않아도 되요	빛이 잘들고 통풍이 용이한 베란다나 창가가 좋아요. 	발코니 창 측까지 이용 가능해요.		2~3°C 정도가 좋아요.	봄~가을에 성장해요. 여름에 자라고 겨울에 휴면해요.	약간은 돌봐줘야 해요.
성미인			성장기에는 물을 한 번 주고 나면 흙을 완전히 건조후에 물을 주세요.	반 그늘에서 키워주세요.	발코니 내 측까지 이용 가능해요.		7°C 정도가 좋아요.	봄~가을에 성장해요. 여름에 자라고 겨울에 휴면해요.	약간은 돌봐줘야 해요.
홍미인			no_data	하루4~5시간이상의충분한광	발코니 내 측까지 이용 가능해요.		0°C 정도가 좋아요.	봄~가을에 성장해요. 여름에 자라고 겨울에 휴면해요.	관리가 필요해요.
일레인			no_data	no_data	발코니 창 측까지 이용 가능해요.		no_data 정도가 좋아요.	여름형(3~7월), 겨울형(9~1월)에 잘 자라요.	약간은 돌봐줘야 해요.
입전			한 달에 두 번 정도 흠뻑 물을 주세요.	하루 4~5시간 이상 빛을 쬐 주세요	발코니 창 측까지 이용 가능해요.		3°C 정도가 좋아요.	봄~가을에 성장해요. 여름에 자라고 겨울에 휴면해요.	약간은 돌봐줘야 해요.
자려전			한 달에 1~2번 흠뻑 전면에 물을 주세요.	해가 드는 곳이나 밝은 곳에서 키워주세요.	발코니 창 측까지 이용 가능해요.		3°C 정도가 좋아요.	봄~가을에 성장해요. 여름에 자라고 겨울에 휴면해요.	약간은 돌봐줘야 해요.
상조			분 흙이 마르면 충분히 물을 주세요. 잎에 물이 닿지 않도록 주의 해 주세요.	no_data	no_data		3°C 정도가 좋아요.	봄~가을에 성장해요. 여름에 자라고 겨울에 휴면해요.	약간은 돌봐줘야 해요.
자보			성장기인 여름철에는 일조량에 따라 화분 겉흙이 마를 때 물을 흠뻑 물을 주세요. 가을에는 월 2회정도, 겨울에는 월 1회정도 물을 주세요.	한 여름, 한 낮의 강한 직사광만 피하고 가능한 햇빛이 잘드는 곳에서 키워주세요. 실내 약광, 간접광에도잘 적응하는 편이에요.	발코니 내 측까지 이용 가능해요.		-5°C 정도가 좋아요.	봄, 가을에 성장해요. 일년 내내 잘 자라요.	약간은 돌봐줘야 해요.
불야성			여름철에는 분 흙이 완전히 건조되었을때 물을 주세요. 겨울에는 거의 물을주지 않아도 되요.	강한 직사광선에서 잘 자라지만 반 그늘에서 관리하면더 튼튼하게 자라요	발코니 내 측까지 이용 가능해요.		5°C 정도가 좋아요.	봄~가을에 성장해요. 여름에 잘 자라요.	초보자도 키울 수 있어요.
알로에			여름철에는 분 흙이 완전히 건조되었을때 물을 주세요. 겨울에는 거의 물을주지 않아도 되요.	강한 직사광선에서 잘 자라지만 반 그늘에서 관리하면더 튼튼하게 자라요	발코니 내 측까지 이용 가능해요.		5°C 정도가 좋아요.	봄~가을에 성장해요. 여름에 잘 자라요.	약간은 돌봐줘야 해요.
십이지권			여름에는 분 흙이 마른 2~3일후에 충분히 물을 주세요. 겨울 휴면기에는 단수 해 주세요.	밝은 빛을 좋아하지만 반 양지성으로 5~9월의 따가운 직사광선은 피해주세요. 실내에서 기를 경우는 창가나 밝은 곳에서 키워주세요.	발코니 내 측까지 이용 가능해요.		10~15°C 정도가 좋아요.	봄, 가을에 성장해요. 일년 내내 잘 자라요.	약간은 돌봐줘야 해요.
수			분 흙이 충분히 말랐을때 물을 주세요. 과습하지 않게 건조한 듯 관리 해 주세요.	강한 직사광선은 피하고 양지바르고 통풍이 잘되는 반 그늘에서 키워주세요. 직사광선을 받으면 잎이 상해요.	발코니 내 측까지 이용 가능해요.		10~15°C 정도가 좋아요.	봄, 가을에 성장해요. 일년 내내 잘 자라요.	약간은 돌봐줘야 해요.
야로수			분 흙이 충분히 말랐을때 물을 주세요. 과습하지 않게 건조한 듯 관리 해 주세요.	강한 직사광선은 피하고 양지바르고 통풍이 잘되는 반 그늘에서 키워주세요. 직사광선을 받으면 잎이 갈변하며 상하고 음지에서는 약하게 자라요.	발코니 내 측까지 이용 가능해요.		10~15°C 정도가 좋아요.	봄, 가을에 성장해요. 일년 내내 잘 자라요.	약간은 돌봐줘야 해요.
모난데스폴리필라			한 달에 두 번 정도 흠뻑 전면에 물을 주세요. 다른 다육들 보다 물을 좀 더 자주 줘야해요.	여름에는 강한 햇빛 보다는 반 그늘에 통풍이 잘되는 곳에서 건조하게 키워주세요.	no_data		0°C 정도가 좋아요.	가을~봄에 성장해요. 겨울에 자라요.	약간은 돌봐줘야 해요.
사마로			여름철에는 물을 적게 주세요.	충분한 햇빛이 필요해요.	발코니 내 측까지 이용 가능해요.		3°C 정도가 좋아요.	봄~가을에 성장해요. 여름에 자라고 겨울에 휴면해요.	약간은 돌봐줘야 해요.
입전봉			여름철에는 물을 적게 주세요.	충분한 햇빛이 필요해요.	발코니 내 측까지 이용 가능해요.		5°C 정도가 좋아요.	봄~가을에 성장해요.	관리가 필요해요.
벽어연			잎에 주름이 생기면 물을 주세요. 휴면기인 여름철에는 단수하고 서늘한 곳에 두세요.	반 그늘에서 키워주세요. 부분적인 강한 햇빛이 필요해요.	발코니 내 측까지 이용 가능해요.		0°C 정도가 좋아요.	가을~봄에 성장해요. 겨울에 자라요.	관리가 필요해요.
미파			한 달에 한 번 정도 과습하지 않게 관리 해 주세요. 여름철에는 물을 거의 주지않아도 되요.	반 그늘에서 키워주세요. 부분적인 강한 햇빛이 필요해요. 실내 밝은곳에서 키워주세요. 한 여름에는 반 그늘에서 키워주세요.	발코니 내 측까지 이용 가능해요.		0°C 정도가 좋아요.	가을~봄에 성장해요. 겨울에 자라고 여름에 휴면해요.	약간은 돌봐줘야 해요.
산세베리아‘하니’			분 흙이 충분히 마른 뒤 며칠 후 충분히 물을 주세요.	고온에 강하므로 연중 광선이 잘쬐는 반그늘에서 키워주세요. 아래에서 잘 자라고 여름철에는 직사광선을 약간 피해주세요	발코니 내 측까지 이용 가능해요.		2~3°C 정도가 좋아요.	봄~가을에 성장해요. 겨울에 휴면해요.	관리가 필요해요.
페페로미아 그라베올렌스			분 흙이 마르면 흠뻑 물을 주세요. 한 겨울에는 물을 주지 마세요.	충분한 햇빛이 필요해요.	발코니 내 측까지 이용 가능해요.		10°C 정도가 좋아요.	봄~가을에 성장해요. 겨울에 휴면해요.	약간은 돌봐줘야 해요.